entry_time,exit_time,side,entry,exit,stop_loss,take_profit,pnl_points,bars_held,exit_reason
2024-02-02 20:00:00+00:00,2024-02-03 12:00:00+00:00,short,43095.0,42916.54,44095.0,42916.54,178.46,4,take_profit
2024-02-07 00:00:00+00:00,2024-02-07 00:00:00+00:00,short,43093.5,42815.47,44093.5,42815.47,278.03,0,take_profit
2024-02-10 08:00:00+00:00,2024-02-11 00:00:00+00:00,short,47178.0,48178.0,48178.0,47175.53,-1000.0,4,stop_loss
2024-02-11 16:00:00+00:00,2024-02-12 08:00:00+00:00,short,48172.0,47819.89,49172.0,47819.89,352.11,4,take_profit
2024-02-15 16:00:00+00:00,2024-02-15 20:00:00+00:00,short,51985.5,51412.76,52985.5,51412.76,572.74,1,take_profit
2024-02-16 08:00:00+00:00,2024-02-17 08:00:00+00:00,short,51773.0,51674.44,52773.0,51674.44,98.56,6,take_profit
2024-02-19 04:00:00+00:00,2024-02-20 08:00:00+00:00,short,52078.5,51998.97,53078.5,51998.97,79.53,7,take_profit
2024-02-22 04:00:00+00:00,2024-02-22 12:00:00+00:00,short,51596.5,51188.26,52596.5,51188.26,408.24,2,take_profit
2024-03-06 16:00:00+00:00,2024-03-07 12:00:00+00:00,short,66504.0,67504.0,67504.0,65859.53,-1000.0,5,stop_loss
2024-03-09 00:00:00+00:00,2024-03-10 00:00:00+00:00,short,68145.5,69145.5,69145.5,67987.66,-1000.0,6,stop_loss
2024-03-10 16:00:00+00:00,2024-03-10 20:00:00+00:00,short,69203.0,68576.31,70203.0,68576.31,626.69,1,take_profit
2024-03-12 04:00:00+00:00,2024-03-12 12:00:00+00:00,short,71607.5,72607.5,72607.5,71110.68,-1000.0,2,stop_loss
2024-03-13 16:00:00+00:00,2024-03-14 04:00:00+00:00,short,72641.0,73641.0,73641.0,72317.66,-1000.0,3,stop_loss
2024-03-18 04:00:00+00:00,2024-03-18 12:00:00+00:00,short,67988.5,67014.74,68988.5,67014.74,973.76,2,take_profit
2024-03-21 16:00:00+00:00,2024-03-21 16:00:00+00:00,short,66584.0,65242.77,67584.0,65242.77,1341.23,0,take_profit
2024-03-26 16:00:00+00:00,2024-03-27 08:00:00+00:00,short,70220.0,69477.76,71220.0,69477.76,742.24,4,take_profit
2024-03-28 20:00:00+00:00,2024-03-29 04:00:00+00:00,short,70860.0,70015.71,71860.0,70015.71,844.29,2,take_profit
2024-04-01 04:00:00+00:00,2024-04-01 04:00:00+00:00,short,70618.0,69952.46,71618.0,69952.46,665.54,0,take_profit
2024-04-05 04:00:00+00:00,2024-04-05 04:00:00+00:00,short,67891.5,66648.59,68891.5,66648.59,1242.91,0,take_profit
2024-04-05 20:00:00+00:00,2024-04-06 16:00:00+00:00,short,67393.0,68393.0,68393.0,67496.31,-1000.0,5,stop_loss
2024-04-09 04:00:00+00:00,2024-04-09 04:00:00+00:00,short,71332.5,70518.89,72332.5,70518.89,813.61,0,take_profit
2024-04-12 08:00:00+00:00,2024-04-12 12:00:00+00:00,short,70786.5,69888.26,71786.5,69888.26,898.24,1,take_profit
2024-04-15 04:00:00+00:00,2024-04-15 04:00:00+00:00,short,65168.5,66168.5,66168.5,64052.73,-1000.0,0,stop_loss
2024-04-15 12:00:00+00:00,2024-04-15 12:00:00+00:00,short,65882.0,64331.16,66882.0,64331.16,1550.84,0,take_profit
2024-04-19 16:00:00+00:00,2024-04-21 00:00:00+00:00,short,64448.5,65448.5,65448.5,64020.14,-1000.0,8,stop_loss
2024-04-21 16:00:00+00:00,2024-04-21 16:00:00+00:00,short,65053.5,64413.59,66053.5,64413.59,639.91,0,take_profit
2024-04-23 04:00:00+00:00,2024-04-23 12:00:00+00:00,short,66436.5,65846.84,67436.5,65846.84,589.66,2,take_profit
2024-04-30 04:00:00+00:00,2024-04-30 08:00:00+00:00,short,63681.5,62350.29,64681.5,62350.29,1331.21,1,take_profit
2024-05-03 00:00:00+00:00,2024-05-03 12:00:00+00:00,short,59074.5,60074.5,60074.5,58696.64,-1000.0,3,stop_loss
2024-05-05 04:00:00+00:00,2024-05-05 12:00:00+00:00,short,63257.5,64257.5,64257.5,63170.07,-1000.0,2,stop_loss
2024-05-05 20:00:00+00:00,2024-05-06 08:00:00+00:00,short,63888.0,64888.0,64888.0,63616.16,-1000.0,3,stop_loss
2024-05-14 04:00:00+00:00,2024-05-14 04:00:00+00:00,short,62502.0,61956.53,63502.0,61956.53,545.47,0,take_profit
2024-05-16 16:00:00+00:00,2024-05-16 16:00:00+00:00,short,65844.0,64871.83,66844.0,64871.83,972.17,0,take_profit
2024-05-18 16:00:00+00:00,2024-05-19 12:00:00+00:00,short,66817.0,66765.76,67817.0,66765.76,51.24,5,take_profit
2024-05-21 16:00:00+00:00,2024-05-21 16:00:00+00:00,short,69852.0,69374.87,70852.0,69374.87,477.13,0,take_profit
2024-05-25 00:00:00+00:00,2024-05-25 08:00:00+00:00,short,68577.0,69577.0,69577.0,68250.89,-1000.0,2,stop_loss
2024-05-25 16:00:00+00:00,2024-05-26 12:00:00+00:00,short,68936.0,68778.91,69936.0,68778.91,157.09,5,take_profit
2024-05-27 20:00:00+00:00,2024-05-28 00:00:00+00:00,short,69289.0,68511.5,70289.0,68511.5,777.5,1,take_profit
2024-06-03 20:00:00+00:00,2024-06-04 12:00:00+00:00,short,69229.5,70229.5,70229.5,68648.09,-1000.0,4,stop_loss
2024-06-06 00:00:00+00:00,2024-06-06 16:00:00+00:00,short,71144.5,70698.11,72144.5,70698.11,446.39,4,take_profit
2024-06-10 00:00:00+00:00,2024-06-10 04:00:00+00:00,short,69650.5,69376.86,70650.5,69376.86,273.64,1,take_profit
2024-06-10 20:00:00+00:00,2024-06-11 00:00:00+00:00,short,69508.5,68974.62,70508.5,68974.62,533.88,1,take_profit
2024-06-16 20:00:00+00:00,2024-06-17 00:00:00+00:00,short,66579.0,66278.61,67579.0,66278.61,300.39,1,take_profit
2024-06-18 00:00:00+00:00,2024-06-18 00:00:00+00:00,short,66523.0,65478.35,67523.0,65478.35,1044.65,0,take_profit
2024-07-01 12:00:00+00:00,2024-07-01 16:00:00+00:00,short,62677.0,63677.0,63677.0,62446.47,-1000.0,1,stop_loss
2024-07-07 08:00:00+00:00,2024-07-07 12:00:00+00:00,short,57360.0,56976.71,58360.0,56976.71,383.29,1,take_profit
2024-07-10 12:00:00+00:00,2024-07-10 12:00:00+00:00,short,58494.0,57553.16,59494.0,57553.16,940.84,0,take_profit
2024-07-12 20:00:00+00:00,2024-07-13 08:00:00+00:00,short,57567.0,58567.0,58567.0,57526.33,-1000.0,3,stop_loss
2024-07-16 08:00:00+00:00,2024-07-16 08:00:00+00:00,short,62906.5,62590.62,63906.5,62590.62,315.88,0,take_profit
2024-07-17 08:00:00+00:00,2024-07-17 16:00:00+00:00,short,65253.0,64179.1,66253.0,64179.1,1073.9,2,take_profit
2024-07-21 08:00:00+00:00,2024-07-21 16:00:00+00:00,short,66696.0,67696.0,67696.0,66345.03,-1000.0,2,stop_loss
2024-07-22 08:00:00+00:00,2024-07-22 12:00:00+00:00,short,67237.5,66842.31,68237.5,66842.31,395.19,1,take_profit
2024-07-23 00:00:00+00:00,2024-07-23 04:00:00+00:00,short,67525.5,66810.82,68525.5,66810.82,714.68,1,take_profit
2024-07-27 20:00:00+00:00,2024-07-27 20:00:00+00:00,short,68236.0,67325.8,69236.0,67325.8,910.2,0,take_profit
2024-08-02 04:00:00+00:00,2024-08-02 12:00:00+00:00,short,64626.5,63410.61,65626.5,63410.61,1215.89,2,take_profit
2024-08-07 00:00:00+00:00,2024-08-07 00:00:00+00:00,short,56000.0,57000.0,57000.0,55071.93,-1000.0,0,stop_loss
2024-08-17 00:00:00+00:00,2024-08-18 00:00:00+00:00,short,58878.0,59878.0,59878.0,59009.79,-1000.0,6,stop_loss
2024-08-18 16:00:00+00:00,2024-08-18 20:00:00+00:00,short,59852.0,59074.98,60852.0,59074.98,777.02,1,take_profit
2024-08-22 04:00:00+00:00,2024-08-23 12:00:00+00:00,short,60530.5,61530.5,61530.5,60465.86,-1000.0,8,stop_loss
2024-09-04 20:00:00+00:00,2024-09-05 00:00:00+00:00,short,58052.5,57102.88,59052.5,57102.88,949.62,1,take_profit
2024-09-09 08:00:00+00:00,2024-09-09 16:00:00+00:00,short,54955.0,55955.0,55955.0,54727.65,-1000.0,2,stop_loss
2024-09-10 16:00:00+00:00,2024-09-10 16:00:00+00:00,short,56592.5,57592.5,57592.5,56260.18,-1000.0,0,stop_loss
2024-09-11 04:00:00+00:00,2024-09-11 04:00:00+00:00,short,56800.0,56458.76,57800.0,56458.76,341.24,0,take_profit
2024-09-12 00:00:00+00:00,2024-09-12 00:00:00+00:00,short,57320.0,58320.0,58320.0,56734.83,-1000.0,0,stop_loss
2024-09-13 00:00:00+00:00,2024-09-13 12:00:00+00:00,short,58135.0,59135.0,59135.0,57632.36,-1000.0,3,stop_loss
2024-09-14 12:00:00+00:00,2024-09-15 16:00:00+00:00,short,59703.5,59757.15,60703.5,59757.15,-53.65,7,take_profit
2024-09-23 08:00:00+00:00,2024-09-24 00:00:00+00:00,short,63544.5,62934.42,64544.5,62934.42,610.08,4,take_profit
2024-09-25 08:00:00+00:00,2024-09-25 08:00:00+00:00,short,63846.0,63457.56,64846.0,63457.56,388.44,0,take_profit
2024-09-26 20:00:00+00:00,2024-09-27 08:00:00+00:00,short,64707.5,65707.5,65707.5,64650.91,-1000.0,3,stop_loss
2024-09-27 20:00:00+00:00,2024-09-28 12:00:00+00:00,short,65644.0,65412.39,66644.0,65412.39,231.61,4,take_profit
2024-09-30 00:00:00+00:00,2024-09-30 00:00:00+00:00,short,65594.0,65185.14,66594.0,65185.14,408.86,0,take_profit
2024-10-05 04:00:00+00:00,2024-10-05 20:00:00+00:00,short,61860.0,61725.5,62860.0,61725.5,134.5,4,take_profit
2024-10-07 12:00:00+00:00,2024-10-07 12:00:00+00:00,short,63140.0,64140.0,64140.0,62609.99,-1000.0,0,stop_loss
2024-10-12 20:00:00+00:00,2024-10-13 08:00:00+00:00,short,62991.0,62581.72,63991.0,62581.72,409.28,3,take_profit
2024-10-15 04:00:00+00:00,2024-10-15 12:00:00+00:00,short,65409.0,66409.0,66409.0,64898.65,-1000.0,2,stop_loss
2024-10-16 08:00:00+00:00,2024-10-16 08:00:00+00:00,short,66975.0,67975.0,67975.0,66226.68,-1000.0,0,stop_loss
2024-10-16 20:00:00+00:00,2024-10-17 08:00:00+00:00,short,67730.0,66983.05,68730.0,66983.05,746.95,3,take_profit
2024-10-18 12:00:00+00:00,2024-10-18 12:00:00+00:00,short,67720.5,68720.5,68720.5,67343.45,-1000.0,0,stop_loss
2024-10-19 00:00:00+00:00,2024-10-19 16:00:00+00:00,short,68435.5,68031.55,69435.5,68031.55,403.95,4,take_profit
2024-10-20 20:00:00+00:00,2024-10-21 00:00:00+00:00,short,68512.5,69512.5,69512.5,68372.78,-1000.0,1,stop_loss
2024-10-25 04:00:00+00:00,2024-10-25 04:00:00+00:00,short,68010.0,67311.5,69010.0,67311.5,698.5,0,take_profit
2024-10-28 04:00:00+00:00,2024-10-28 08:00:00+00:00,short,67725.0,68725.0,68725.0,67634.29,-1000.0,1,stop_loss
2024-10-28 16:00:00+00:00,2024-10-28 16:00:00+00:00,short,68487.0,69487.0,69487.0,67986.07,-1000.0,0,stop_loss
2024-11-05 12:00:00+00:00,2024-11-05 12:00:00+00:00,short,68810.0,69810.0,69810.0,68170.19,-1000.0,0,stop_loss
2024-11-05 20:00:00+00:00,2024-11-06 00:00:00+00:00,short,68970.0,69970.0,69970.0,68641.73,-1000.0,1,stop_loss
2024-11-07 08:00:00+00:00,2024-11-07 12:00:00+00:00,short,74801.5,75801.5,75801.5,74086.71,-1000.0,1,stop_loss
2024-11-08 00:00:00+00:00,2024-11-08 16:00:00+00:00,short,75866.5,76866.5,76866.5,75489.13,-1000.0,4,stop_loss
2024-11-09 00:00:00+00:00,2024-11-09 16:00:00+00:00,short,76489.5,75991.96,77489.5,75991.96,497.54,4,take_profit
2024-11-12 12:00:00+00:00,2024-11-12 16:00:00+00:00,short,87230.0,88230.0,88230.0,85090.68,-1000.0,1,stop_loss
2024-11-13 00:00:00+00:00,2024-11-13 12:00:00+00:00,short,87972.0,88972.0,88972.0,86638.27,-1000.0,3,stop_loss
2024-11-13 20:00:00+00:00,2024-11-14 08:00:00+00:00,short,90219.0,91219.0,91219.0,88855.25,-1000.0,3,stop_loss
2024-11-18 12:00:00+00:00,2024-11-18 12:00:00+00:00,short,90338.5,91338.5,91338.5,89810.67,-1000.0,0,stop_loss
2024-11-20 00:00:00+00:00,2024-11-20 08:00:00+00:00,short,92336.0,93336.0,93336.0,91726.93,-1000.0,2,stop_loss
2024-11-23 00:00:00+00:00,2024-11-23 16:00:00+00:00,short,98921.5,97972.02,99921.5,97972.02,949.48,4,take_profit
2024-11-28 04:00:00+00:00,2024-11-29 00:00:00+00:00,short,95540.5,96540.5,96540.5,94863.61,-1000.0,5,stop_loss
2024-11-29 08:00:00+00:00,2024-11-29 08:00:00+00:00,short,95690.5,96690.5,96690.5,95220.94,-1000.0,0,stop_loss
2024-11-29 20:00:00+00:00,2024-11-30 08:00:00+00:00,short,97380.0,96299.45,98380.0,96299.45,1080.55,3,take_profit
2024-12-01 16:00:00+00:00,2024-12-02 00:00:00+00:00,short,97081.5,98081.5,98081.5,96572.0,-1000.0,2,stop_loss
2024-12-05 16:00:00+00:00,2024-12-05 16:00:00+00:00,short,101355.5,99150.29,102355.5,99150.29,2205.21,0,take_profit
2024-12-07 00:00:00+00:00,2024-12-08 08:00:00+00:00,short,99802.5,99163.31,100802.5,99163.31,639.19,8,take_profit
2024-12-12 08:00:00+00:00,2024-12-12 12:00:00+00:00,short,100481.5,101481.5,101481.5,99677.92,-1000.0,1,stop_loss
2024-12-14 12:00:00+00:00,2024-12-14 20:00:00+00:00,short,101562.5,100721.72,102562.5,100721.72,840.78,2,take_profit
2024-12-16 12:00:00+00:00,2024-12-16 12:00:00+00:00,short,103721.5,104721.5,104721.5,103180.59,-1000.0,0,stop_loss
2024-12-21 12:00:00+00:00,2024-12-21 12:00:00+00:00,short,98225.5,96583.65,99225.5,96583.65,1641.85,0,take_profit
2024-12-26 04:00:00+00:00,2024-12-26 04:00:00+00:00,short,98957.5,97717.04,99957.5,97717.04,1240.46,0,take_profit
2024-12-31 20:00:00+00:00,2025-01-01 08:00:00+00:00,short,94156.0,93153.57,95156.0,93153.57,1002.43,3,take_profit
2025-01-03 08:00:00+00:00,2025-01-03 12:00:00+00:00,short,96275.5,97275.5,97275.5,96063.9,-1000.0,1,stop_loss
2025-01-04 12:00:00+00:00,2025-01-05 08:00:00+00:00,short,97831.5,97731.05,98831.5,97731.05,100.45,5,take_profit
2025-01-11 00:00:00+00:00,2025-01-12 08:00:00+00:00,short,94676.0,93966.59,95676.0,93966.59,709.41,8,take_profit
2025-01-12 20:00:00+00:00,2025-01-12 20:00:00+00:00,short,94625.0,94037.95,95625.0,94037.95,587.05,0,take_profit
2025-01-15 12:00:00+00:00,2025-01-15 12:00:00+00:00,short,96725.5,97725.5,97725.5,95990.51,-1000.0,0,stop_loss
2025-01-16 12:00:00+00:00,2025-01-16 12:00:00+00:00,short,99107.0,98016.82,100107.0,98016.82,1090.18,0,take_profit
2025-01-17 00:00:00+00:00,2025-01-17 00:00:00+00:00,short,99937.5,100937.5,100937.5,98877.02,-1000.0,0,stop_loss
2025-01-18 04:00:00+00:00,2025-01-18 08:00:00+00:00,short,103531.0,102295.35,104531.0,102295.35,1235.65,1,take_profit
2025-01-19 12:00:00+00:00,2025-01-19 12:00:00+00:00,short,104354.0,105354.0,105354.0,103660.66,-1000.0,0,stop_loss
2025-01-20 16:00:00+00:00,2025-01-20 16:00:00+00:00,short,105001.0,106001.0,106001.0,102760.12,-1000.0,0,stop_loss
2025-01-22 04:00:00+00:00,2025-01-22 12:00:00+00:00,short,105588.5,104055.1,106588.5,104055.1,1533.4,2,take_profit
2025-01-23 20:00:00+00:00,2025-01-23 20:00:00+00:00,short,103713.5,104713.5,104713.5,102397.52,-1000.0,0,stop_loss
2025-01-31 00:00:00+00:00,2025-01-31 00:00:00+00:00,short,104676.5,104041.48,105676.5,104041.48,635.02,0,take_profit
2025-02-04 08:00:00+00:00,2025-02-04 08:00:00+00:00,short,98405.0,97921.75,99405.0,97921.75,483.25,0,take_profit
2025-02-09 08:00:00+00:00,2025-02-09 12:00:00+00:00,short,97019.5,96147.14,98019.5,96147.14,872.36,1,take_profit
2025-02-10 16:00:00+00:00,2025-02-11 04:00:00+00:00,short,97188.0,98188.0,98188.0,96987.33,-1000.0,3,stop_loss
2025-02-14 08:00:00+00:00,2025-02-14 16:00:00+00:00,short,96889.5,97889.5,97889.5,96236.24,-1000.0,2,stop_loss
2025-02-15 00:00:00+00:00,2025-02-16 04:00:00+00:00,short,97445.0,97184.1,98445.0,97184.1,260.9,7,take_profit
2025-02-19 16:00:00+00:00,2025-02-20 00:00:00+00:00,short,95895.5,96895.5,96895.5,95622.37,-1000.0,2,stop_loss
2025-03-01 00:00:00+00:00,2025-03-01 00:00:00+00:00,short,84299.5,85299.5,85299.5,82380.5,-1000.0,0,stop_loss
2025-03-01 08:00:00+00:00,2025-03-01 20:00:00+00:00,short,84707.0,85707.0,85707.0,84179.4,-1000.0,3,stop_loss
2025-03-05 00:00:00+00:00,2025-03-05 08:00:00+00:00,short,87246.0,88246.0,88246.0,85835.76,-1000.0,2,stop_loss
2025-03-05 16:00:00+00:00,2025-03-05 16:00:00+00:00,short,88313.0,89313.0,89313.0,86651.49,-1000.0,0,stop_loss
2025-03-12 04:00:00+00:00,2025-03-12 12:00:00+00:00,short,82098.5,83098.5,83098.5,81022.87,-1000.0,2,stop_loss
2025-03-13 04:00:00+00:00,2025-03-13 12:00:00+00:00,short,83537.0,81897.64,84537.0,81897.64,1639.36,2,take_profit
2025-03-15 08:00:00+00:00,2025-03-16 00:00:00+00:00,short,83797.0,83726.67,84797.0,83726.67,70.33,4,take_profit
2025-03-18 00:00:00+00:00,2025-03-18 00:00:00+00:00,short,83963.0,82987.48,84963.0,82987.48,975.52,0,take_profit
2025-03-25 00:00:00+00:00,2025-03-25 00:00:00+00:00,short,87463.5,86466.57,88463.5,86466.57,996.93,0,take_profit
2025-03-26 00:00:00+00:00,2025-03-26 12:00:00+00:00,short,87370.0,86945.53,88370.0,86945.53,424.47,3,take_profit
2025-03-31 20:00:00+00:00,2025-04-01 04:00:00+00:00,short,82427.0,83427.0,83427.0,82248.14,-1000.0,2,stop_loss
2025-04-02 04:00:00+00:00,2025-04-02 12:00:00+00:00,short,84509.0,85509.0,85509.0,84014.33,-1000.0,2,stop_loss
2025-04-12 04:00:00+00:00,2025-04-12 08:00:00+00:00,short,82940.5,83940.5,83940.5,82258.07,-1000.0,1,stop_loss
2025-04-13 08:00:00+00:00,2025-04-13 12:00:00+00:00,short,84378.0,83848.33,85378.0,83848.33,529.67,1,take_profit
2025-04-23 16:00:00+00:00,2025-04-23 16:00:00+00:00,short,93140.0,94140.0,94140.0,91791.85,-1000.0,0,stop_loss
2025-04-24 04:00:00+00:00,2025-04-24 04:00:00+00:00,short,92633.0,92208.68,93633.0,92208.68,424.32,0,take_profit
2025-04-25 04:00:00+00:00,2025-04-25 08:00:00+00:00,short,93263.0,94263.0,94263.0,92849.78,-1000.0,1,stop_loss
2025-04-26 00:00:00+00:00,2025-04-26 08:00:00+00:00,short,94601.5,93972.59,95601.5,93972.59,628.91,2,take_profit
2025-05-02 08:00:00+00:00,2025-05-02 12:00:00+00:00,short,96302.0,97302.0,97302.0,96078.55,-1000.0,1,stop_loss
2025-05-02 20:00:00+00:00,2025-05-03 00:00:00+00:00,short,96850.0,96292.11,97850.0,96292.11,557.89,1,take_profit
2025-05-10 00:00:00+00:00,2025-05-10 04:00:00+00:00,short,102951.5,103951.5,103951.5,102325.77,-1000.0,1,stop_loss
2025-05-10 12:00:00+00:00,2025-05-10 20:00:00+00:00,short,103385.5,104385.5,104385.5,102830.65,-1000.0,2,stop_loss
2025-05-11 04:00:00+00:00,2025-05-12 00:00:00+00:00,short,103958.5,104958.5,104958.5,103482.32,-1000.0,5,stop_loss
2025-05-13 16:00:00+00:00,2025-05-13 16:00:00+00:00,short,103643.0,104643.0,104643.0,102597.18,-1000.0,0,stop_loss
2025-05-14 00:00:00+00:00,2025-05-14 08:00:00+00:00,short,104092.5,103040.25,105092.5,103040.25,1052.25,2,take_profit
2025-05-16 08:00:00+00:00,2025-05-17 00:00:00+00:00,short,103656.5,103039.33,104656.5,103039.33,617.17,4,take_profit
2025-05-18 20:00:00+00:00,2025-05-18 20:00:00+00:00,short,103844.0,104844.0,104844.0,103382.48,-1000.0,0,stop_loss
2025-05-19 04:00:00+00:00,2025-05-19 04:00:00+00:00,short,103594.0,103074.02,104594.0,103074.02,519.98,0,take_profit
2025-05-23 04:00:00+00:00,2025-05-23 08:00:00+00:00,short,111054.5,109817.61,112054.5,109817.61,1236.89,1,take_profit
2025-05-26 20:00:00+00:00,2025-05-27 00:00:00+00:00,short,109085.5,108405.96,110085.5,108405.96,679.54,1,take_profit
2025-06-02 04:00:00+00:00,2025-06-02 08:00:00+00:00,short,104791.5,105791.5,105791.5,104240.0,-1000.0,1,stop_loss
2025-06-03 04:00:00+00:00,2025-06-03 12:00:00+00:00,short,105459.0,106459.0,106459.0,104733.63,-1000.0,2,stop_loss
2025-06-04 00:00:00+00:00,2025-06-04 08:00:00+00:00,short,105325.0,105067.53,106325.0,105067.53,257.47,2,take_profit
2025-06-06 20:00:00+00:00,2025-06-07 04:00:00+00:00,short,104186.5,105186.5,105186.5,103750.99,-1000.0,2,stop_loss
2025-06-08 04:00:00+00:00,2025-06-08 08:00:00+00:00,short,105447.5,104999.03,106447.5,104999.03,448.47,1,take_profit
2025-06-09 00:00:00+00:00,2025-06-09 00:00:00+00:00,short,105686.5,105341.07,106686.5,105341.07,345.43,0,take_profit
2025-06-10 16:00:00+00:00,2025-06-10 16:00:00+00:00,short,108985.5,109985.5,109985.5,108240.51,-1000.0,0,stop_loss
2025-06-11 04:00:00+00:00,2025-06-11 16:00:00+00:00,short,109675.5,108807.79,110675.5,108807.79,867.71,3,take_profit
2025-06-17 00:00:00+00:00,2025-06-17 00:00:00+00:00,short,106760.5,106189.82,107760.5,106189.82,570.68,0,take_profit
2025-06-26 12:00:00+00:00,2025-06-26 12:00:00+00:00,short,107284.0,106717.58,108284.0,106717.58,566.42,0,take_profit
2025-06-29 16:00:00+00:00,2025-06-29 16:00:00+00:00,short,107698.0,107257.66,108698.0,107257.66,440.34,0,take_profit
2025-07-03 16:00:00+00:00,2025-07-04 04:00:00+00:00,short,109101.0,108789.78,110101.0,108789.78,311.22,3,take_profit
2025-07-06 20:00:00+00:00,2025-07-06 20:00:00+00:00,short,108505.0,109505.0,109505.0,108108.75,-1000.0,0,stop_loss
2025-07-07 08:00:00+00:00,2025-07-07 12:00:00+00:00,short,109027.5,108268.01,110027.5,108268.01,759.49,1,take_profit
2025-07-10 12:00:00+00:00,2025-07-10 16:00:00+00:00,short,110983.0,111983.0,111983.0,110448.29,-1000.0,1,stop_loss
2025-07-12 16:00:00+00:00,2025-07-13 12:00:00+00:00,short,117088.0,118088.0,118088.0,117428.53,-1000.0,5,stop_loss
2025-07-14 16:00:00+00:00,2025-07-14 16:00:00+00:00,short,119875.5,119371.07,120875.5,119371.07,504.43,0,take_profit
2025-07-20 20:00:00+00:00,2025-07-20 20:00:00+00:00,short,118142.5,117414.86,119142.5,117414.86,727.64,0,take_profit
2025-07-21 12:00:00+00:00,2025-07-21 12:00:00+00:00,short,118056.0,119056.0,119056.0,117618.7,-1000.0,0,stop_loss
2025-07-23 04:00:00+00:00,2025-07-23 08:00:00+00:00,short,118633.0,118019.91,119633.0,118019.91,613.09,1,take_profit
2025-07-26 04:00:00+00:00,2025-07-27 12:00:00+00:00,short,117468.0,118468.0,118468.0,117724.57,-1000.0,8,stop_loss
2025-07-28 08:00:00+00:00,2025-07-28 12:00:00+00:00,short,118880.5,118318.63,119880.5,118318.63,561.87,1,take_profit
2025-07-31 12:00:00+00:00,2025-07-31 16:00:00+00:00,short,118342.0,117429.45,119342.0,117429.45,912.55,1,take_profit
2025-08-04 00:00:00+00:00,2025-08-04 12:00:00+00:00,short,114162.5,115162.5,115162.5,113899.02,-1000.0,3,stop_loss
2025-08-07 00:00:00+00:00,2025-08-07 08:00:00+00:00,short,114938.5,115938.5,115938.5,114304.91,-1000.0,2,stop_loss
2025-08-08 04:00:00+00:00,2025-08-08 12:00:00+00:00,short,116704.5,115958.88,117704.5,115958.88,745.62,2,take_profit
2025-08-11 12:00:00+00:00,2025-08-11 16:00:00+00:00,short,120556.5,119062.39,121556.5,119062.39,1494.11,1,take_profit
2025-08-12 20:00:00+00:00,2025-08-13 04:00:00+00:00,short,119612.5,118883.43,120612.5,118883.43,729.07,2,take_profit
2025-08-14 08:00:00+00:00,2025-08-14 08:00:00+00:00,short,121756.0,121033.23,122756.0,121033.23,722.77,0,take_profit
2025-08-17 16:00:00+00:00,2025-08-17 16:00:00+00:00,short,118205.0,117534.75,119205.0,117534.75,670.25,0,take_profit
2025-08-23 04:00:00+00:00,2025-08-23 12:00:00+00:00,short,115534.0,114730.1,116534.0,114730.1,803.9,2,take_profit
2025-08-27 04:00:00+00:00,2025-08-27 12:00:00+00:00,short,111384.5,112384.5,112384.5,110486.81,-1000.0,2,stop_loss
2025-08-28 16:00:00+00:00,2025-08-29 00:00:00+00:00,short,112645.0,111643.44,113645.0,111643.44,1001.56,2,take_profit
2025-09-01 12:00:00+00:00,2025-09-01 20:00:00+00:00,short,108721.0,107965.88,109721.0,107965.88,755.12,2,take_profit
2025-09-02 12:00:00+00:00,2025-09-02 12:00:00+00:00,short,109689.0,110689.0,110689.0,108722.83,-1000.0,0,stop_loss
2025-09-03 04:00:00+00:00,2025-09-03 12:00:00+00:00,short,111000.0,112000.0,112000.0,110398.29,-1000.0,2,stop_loss
2025-09-04 00:00:00+00:00,2025-09-04 04:00:00+00:00,short,111664.5,110785.26,112664.5,110785.26,879.24,1,take_profit
2025-09-08 20:00:00+00:00,2025-09-09 00:00:00+00:00,short,112060.5,111346.3,113060.5,111346.3,714.2,1,take_profit
2025-09-09 12:00:00+00:00,2025-09-09 12:00:00+00:00,short,112409.0,111415.56,113409.0,111415.56,993.44,0,take_profit
2025-09-10 12:00:00+00:00,2025-09-10 12:00:00+00:00,short,112278.0,113278.0,113278.0,111615.53,-1000.0,0,stop_loss
2025-09-12 08:00:00+00:00,2025-09-12 16:00:00+00:00,short,115060.5,116060.5,116060.5,114598.68,-1000.0,2,stop_loss
2025-09-13 04:00:00+00:00,2025-09-13 16:00:00+00:00,short,115926.0,115302.45,116926.0,115302.45,623.55,3,take_profit
2025-09-16 12:00:00+00:00,2025-09-16 12:00:00+00:00,short,115234.5,114886.29,116234.5,114886.29,348.21,0,take_profit
2025-09-17 04:00:00+00:00,2025-09-17 12:00:00+00:00,short,116331.5,115763.17,117331.5,115763.17,568.33,2,take_profit
2025-09-18 08:00:00+00:00,2025-09-18 20:00:00+00:00,short,117046.0,116545.33,118046.0,116545.33,500.67,3,take_profit
2025-09-30 08:00:00+00:00,2025-09-30 08:00:00+00:00,short,113671.5,112822.22,114671.5,112822.22,849.28,0,take_profit
2025-10-01 00:00:00+00:00,2025-10-01 08:00:00+00:00,short,114000.0,115000.0,115000.0,113708.17,-1000.0,2,stop_loss
2025-10-03 08:00:00+00:00,2025-10-03 12:00:00+00:00,short,119632.5,120632.5,120632.5,119241.96,-1000.0,1,stop_loss
2025-10-04 12:00:00+00:00,2025-10-05 00:00:00+00:00,short,121936.5,122936.5,122936.5,121645.73,-1000.0,3,stop_loss
2025-10-05 12:00:00+00:00,2025-10-05 16:00:00+00:00,short,123422.5,122320.23,124422.5,122320.23,1102.27,1,take_profit
2025-10-07 00:00:00+00:00,2025-10-07 04:00:00+00:00,short,124657.0,123779.7,125657.0,123779.7,877.3,1,take_profit
2025-10-13 12:00:00+00:00,2025-10-13 12:00:00+00:00,short,114140.0,115140.0,115140.0,113391.25,-1000.0,0,stop_loss
2025-10-14 00:00:00+00:00,2025-10-14 00:00:00+00:00,short,115124.0,113747.9,116124.0,113747.9,1376.1,0,take_profit
2025-10-24 00:00:00+00:00,2025-10-24 04:00:00+00:00,short,110031.0,111031.0,111031.0,109344.17,-1000.0,1,stop_loss
2025-10-27 16:00:00+00:00,2025-10-27 20:00:00+00:00,short,114926.0,114021.92,115926.0,114021.92,904.08,1,take_profit
2025-11-02 16:00:00+00:00,2025-11-02 16:00:00+00:00,short,110078.0,109881.35,111078.0,109881.35,196.65,0,take_profit
2025-11-06 00:00:00+00:00,2025-11-06 12:00:00+00:00,short,103840.0,102285.39,104840.0,102285.39,1554.61,3,take_profit
2025-11-08 04:00:00+00:00,2025-11-08 12:00:00+00:00,short,102556.5,101543.98,103556.5,101543.98,1012.52,2,take_profit
2025-11-10 16:00:00+00:00,2025-11-10 16:00:00+00:00,short,105039.0,106039.0,106039.0,104424.69,-1000.0,0,stop_loss
2025-11-20 08:00:00+00:00,2025-11-20 12:00:00+00:00,short,92276.0,90528.41,93276.0,90528.41,1747.59,1,take_profit
2025-11-23 08:00:00+00:00,2025-11-23 12:00:00+00:00,short,85741.5,86741.5,86741.5,85102.08,-1000.0,1,stop_loss
2025-11-24 00:00:00+00:00,2025-11-24 00:00:00+00:00,short,86816.0,87816.0,87816.0,85800.88,-1000.0,0,stop_loss
2025-11-24 08:00:00+00:00,2025-11-24 08:00:00+00:00,short,87010.0,85882.34,88010.0,85882.34,1127.66,0,take_profit
2025-11-25 04:00:00+00:00,2025-11-25 08:00:00+00:00,short,87784.5,86822.95,88784.5,86822.95,961.55,1,take_profit
2025-11-28 04:00:00+00:00,2025-11-28 12:00:00+00:00,short,91177.5,92177.5,92177.5,90745.34,-1000.0,2,stop_loss
2025-12-03 16:00:00+00:00,2025-12-03 16:00:00+00:00,short,92345.0,93345.0,93345.0,91030.33,-1000.0,0,stop_loss
2025-12-04 08:00:00+00:00,2025-12-04 12:00:00+00:00,short,93368.5,92075.25,94368.5,92075.25,1293.25,1,take_profit
2025-12-08 00:00:00+00:00,2025-12-08 00:00:00+00:00,short,90360.0,91360.0,91360.0,89115.8,-1000.0,0,stop_loss
2025-12-10 04:00:00+00:00,2025-12-10 12:00:00+00:00,short,92375.5,91546.44,93375.5,91546.44,829.06,2,take_profit
2025-12-16 20:00:00+00:00,2025-12-17 04:00:00+00:00,short,87548.0,86594.53,88548.0,86594.53,953.47,2,take_profit
2025-12-25 20:00:00+00:00,2025-12-25 20:00:00+00:00,short,88121.5,87312.31,89121.5,87312.31,809.19,0,take_profit
2025-12-26 08:00:00+00:00,2025-12-26 12:00:00+00:00,short,88442.0,87439.89,89442.0,87439.89,1002.11,1,take_profit
2025-12-30 20:00:00+00:00,2025-12-31 12:00:00+00:00,short,88191.0,89191.0,89191.0,87937.76,-1000.0,4,stop_loss
2026-01-03 08:00:00+00:00,2026-01-03 20:00:00+00:00,short,89545.0,90545.0,90545.0,89578.47,-1000.0,3,stop_loss
2026-01-04 20:00:00+00:00,2026-01-05 00:00:00+00:00,short,91120.0,92120.0,92120.0,90923.64,-1000.0,1,stop_loss
2026-01-12 08:00:00+00:00,2026-01-12 08:00:00+00:00,short,91378.0,90620.65,92378.0,90620.65,757.35,0,take_profit
2026-01-14 12:00:00+00:00,2026-01-14 12:00:00+00:00,short,94773.5,95773.5,95773.5,93934.1,-1000.0,0,stop_loss
2026-01-15 04:00:00+00:00,2026-01-15 08:00:00+00:00,short,95952.5,96952.5,96952.5,95614.92,-1000.0,1,stop_loss
2026-01-27 08:00:00+00:00,2026-01-27 12:00:00+00:00,short,88297.0,87665.1,89297.0,87665.1,631.9,1,take_profit
2026-01-28 16:00:00+00:00,2026-01-28 16:00:00+00:00,short,89452.5,90452.5,90452.5,88629.06,-1000.0,0,stop_loss
2026-02-02 20:00:00+00:00,2026-02-03 12:00:00+00:00,short,78296.5,77438.52,79296.5,77438.52,857.98,4,take_profit
2026-02-09 00:00:00+00:00,2026-02-09 00:00:00+00:00,short,70292.0,71292.0,71292.0,69684.18,-1000.0,0,stop_loss
2026-02-09 08:00:00+00:00,2026-02-09 08:00:00+00:00,short,70401.0,69468.29,71401.0,69468.29,932.71,0,take_profit
2026-02-10 00:00:00+00:00,2026-02-10 00:00:00+00:00,short,70117.5,69270.19,71117.5,69270.19,847.31,0,take_profit
2026-02-15 12:00:00+00:00,2026-02-15 12:00:00+00:00,short,70275.5,69277.33,71275.5,69277.33,998.17,0,take_profit
2026-02-20 12:00:00+00:00,2026-02-20 12:00:00+00:00,short,67297.5,66685.0,68297.5,66685.0,612.5,0,take_profit
2026-02-21 04:00:00+00:00,2026-02-21 12:00:00+00:00,short,67643.0,68643.0,68643.0,67478.66,-1000.0,2,stop_loss
2026-02-22 00:00:00+00:00,2026-02-22 12:00:00+00:00,short,67940.0,67656.34,68940.0,67656.34,283.66,3,take_profit
2026-02-25 08:00:00+00:00,2026-02-25 12:00:00+00:00,short,65007.5,66007.5,66007.5,64461.69,-1000.0,1,stop_loss
2026-02-26 08:00:00+00:00,2026-02-26 12:00:00+00:00,short,67807.0,66878.24,68807.0,66878.24,928.76,1,take_profit
2026-03-01 12:00:00+00:00,2026-03-01 16:00:00+00:00,short,66443.5,65794.69,67443.5,65794.69,648.81,1,take_profit
2026-03-03 04:00:00+00:00,2026-03-03 08:00:00+00:00,short,68360.0,67064.0,69360.0,67064.0,1296.0,1,take_profit
2026-03-10 00:00:00+00:00,2026-03-10 00:00:00+00:00,short,68400.5,69400.5,69400.5,67747.73,-1000.0,0,stop_loss
2026-03-10 20:00:00+00:00,2026-03-11 08:00:00+00:00,short,69996.5,69220.12,70996.5,69220.12,776.38,3,take_profit
2026-03-13 16:00:00+00:00,2026-03-13 20:00:00+00:00,short,71810.0,70708.12,72810.0,70708.12,1101.88,1,take_profit
2026-03-15 16:00:00+00:00,2026-03-15 20:00:00+00:00,short,71451.0,72451.0,72451.0,71157.34,-1000.0,1,stop_loss
2026-03-17 04:00:00+00:00,2026-03-17 12:00:00+00:00,short,74432.5,73383.84,75432.5,73383.84,1048.66,2,take_profit
2026-03-24 04:00:00+00:00,2026-03-24 12:00:00+00:00,short,70520.0,69806.89,71520.0,69806.89,713.11,2,take_profit
2026-03-25 16:00:00+00:00,2026-03-26 04:00:00+00:00,short,70800.0,70297.91,71800.0,70297.91,502.09,3,take_profit
2026-04-01 20:00:00+00:00,2026-04-02 00:00:00+00:00,short,68143.0,67433.16,69143.0,67433.16,709.84,1,take_profit
2026-04-04 20:00:00+00:00,2026-04-05 00:00:00+00:00,short,67269.0,66967.55,68269.0,66967.55,301.45,1,take_profit
2026-04-08 16:00:00+00:00,2026-04-09 00:00:00+00:00,short,71273.0,70499.84,72273.0,70499.84,773.16,2,take_profit
2026-04-11 04:00:00+00:00,2026-04-12 00:00:00+00:00,short,72838.5,72236.85,73838.5,72236.85,601.65,5,take_profit
2026-04-14 20:00:00+00:00,2026-04-15 04:00:00+00:00,short,74188.0,73626.68,75188.0,73626.68,561.32,2,take_profit
2026-04-16 00:00:00+00:00,2026-04-16 12:00:00+00:00,short,74783.0,73939.95,75783.0,73939.95,843.05,3,take_profit
2026-04-17 00:00:00+00:00,2026-04-17 08:00:00+00:00,short,75115.0,76115.0,76115.0,74460.13,-1000.0,2,stop_loss
2026-04-18 04:00:00+00:00,2026-04-18 08:00:00+00:00,short,76964.5,76072.74,77964.5,76072.74,891.76,1,take_profit
2026-04-21 00:00:00+00:00,2026-04-21 08:00:00+00:00,short,75790.0,76790.0,76790.0,75381.34,-1000.0,2,stop_loss
2026-04-21 16:00:00+00:00,2026-04-21 16:00:00+00:00,short,75800.0,75230.97,76800.0,75230.97,569.03,0,take_profit
2026-04-23 00:00:00+00:00,2026-04-23 00:00:00+00:00,short,78141.0,77453.87,79141.0,77453.87,687.13,0,take_profit
2026-05-03 04:00:00+00:00,2026-05-03 04:00:00+00:00,short,78162.5,78032.74,79162.5,78032.74,129.76,0,take_profit
2026-05-06 00:00:00+00:00,2026-05-06 08:00:00+00:00,short,80848.5,81848.5,81848.5,80775.53,-1000.0,2,stop_loss
2026-05-06 16:00:00+00:00,2026-05-07 00:00:00+00:00,short,81651.5,80891.35,82651.5,80891.35,760.15,2,take_profit
2026-05-10 00:00:00+00:00,2026-05-10 20:00:00+00:00,short,80634.0,81634.0,81634.0,80558.58,-1000.0,5,stop_loss
2026-05-12 00:00:00+00:00,2026-05-12 00:00:00+00:00,short,81700.0,80858.9,82700.0,80858.9,841.1,0,take_profit
2026-05-13 08:00:00+00:00,2026-05-13 08:00:00+00:00,short,80983.0,80487.91,81983.0,80487.91,495.09,0,take_profit
2026-05-21 00:00:00+00:00,2026-05-21 08:00:00+00:00,short,77511.0,77139.26,78511.0,77139.26,371.74,2,take_profit
2026-05-24 16:00:00+00:00,2026-05-24 20:00:00+00:00,short,76345.0,76163.84,77345.0,76163.84,181.16,1,take_profit
2026-05-25 12:00:00+00:00,2026-05-26 00:00:00+00:00,short,77319.5,76829.02,78319.5,76829.02,490.48,3,take_profit
2026-05-31 00:00:00+00:00,2026-05-31 12:00:00+00:00,short,73880.5,73612.82,74880.5,73612.82,267.68,3,take_profit
2026-06-07 16:00:00+00:00,2026-06-07 16:00:00+00:00,short,62078.5,61188.86,63078.5,61188.86,889.64,0,take_profit
2026-06-08 20:00:00+00:00,2026-06-09 00:00:00+00:00,short,63359.5,62538.48,64359.5,62538.48,821.02,1,take_profit
2026-06-10 20:00:00+00:00,2026-06-10 20:00:00+00:00,short,61902.0,61233.71,62902.0,61233.71,668.29,0,take_profit
2026-06-11 16:00:00+00:00,2026-06-11 16:00:00+00:00,short,62728.0,63728.0,63728.0,62102.64,-1000.0,0,stop_loss
2026-06-16 00:00:00+00:00,2026-06-16 12:00:00+00:00,short,66288.5,65688.16,67288.5,65688.16,600.34,3,take_profit
2026-06-20 20:00:00+00:00,2026-06-21 20:00:00+00:00,short,63911.0,63687.07,64911.0,63687.07,223.93,6,take_profit
2026-06-22 20:00:00+00:00,2026-06-22 20:00:00+00:00,short,64454.5,63960.53,65454.5,63960.53,493.97,0,take_profit
2026-06-27 12:00:00+00:00,2026-06-27 20:00:00+00:00,short,60338.5,59896.74,61338.5,59896.74,441.76,2,take_profit
2026-07-02 08:00:00+00:00,2026-07-02 08:00:00+00:00,short,60132.5,61132.5,61132.5,59584.22,-1000.0,0,stop_loss
2026-07-03 04:00:00+00:00,2026-07-03 20:00:00+00:00,short,61414.5,62414.5,62414.5,61555.22,-1000.0,4,stop_loss
2026-07-04 12:00:00+00:00,2026-07-05 08:00:00+00:00,short,62464.5,62491.33,63464.5,62491.33,-26.83,5,take_profit
2026-07-06 04:00:00+00:00,2026-07-06 08:00:00+00:00,short,63279.5,62662.59,64279.5,62662.59,616.91,1,take_profit
2026-07-07 04:00:00+00:00,2026-07-07 04:00:00+00:00,short,63171.5,62868.84,64171.5,62868.84,302.66,0,take_profit
2026-07-09 12:00:00+00:00,2026-07-10 00:00:00+00:00,short,62762.5,63157.5,63762.5,62471.18,-395.0,3,end_of_data
