timeframe,entry_mode,stop_loss_points,min_distance_from_ema_low,take_profit_mode,fixed_rr,trades,wins,losses,win_rate_pct,net_points,avg_points,profit_factor,max_drawdown_points,avg_bars_held,take_profit_exits,stop_loss_exits
1d,next_open,1000.0,600.0,ema_low,,56,22,34,39.29,11155.5,199.21,1.328,-7096.63,0.46,21,34
1d,next_open,1000.0,50.0,ema_low,,57,22,35,38.6,10155.5,178.17,1.29,-7096.63,0.46,21,35
1d,next_open,1000.0,100.0,ema_low,,57,22,35,38.6,10155.5,178.17,1.29,-7096.63,0.46,21,35
1d,next_open,1000.0,150.0,ema_low,,57,22,35,38.6,10155.5,178.17,1.29,-7096.63,0.46,21,35
1d,next_open,1000.0,200.0,ema_low,,57,22,35,38.6,10155.5,178.17,1.29,-7096.63,0.46,21,35
1d,next_open,1000.0,300.0,ema_low,,57,22,35,38.6,10155.5,178.17,1.29,-7096.63,0.46,21,35
1d,next_open,1000.0,400.0,ema_low,,57,22,35,38.6,10155.5,178.17,1.29,-7096.63,0.46,21,35
1d,signal_close,1000.0,600.0,ema_low,,56,21,35,37.5,6580.05,117.5,1.188,-9226.82,1.45,20,35
1d,signal_close,1000.0,50.0,ema_low,,57,21,36,36.84,5580.05,97.9,1.155,-9226.82,1.44,20,36
1d,signal_close,1000.0,100.0,ema_low,,57,21,36,36.84,5580.05,97.9,1.155,-9226.82,1.44,20,36
1d,signal_close,1000.0,150.0,ema_low,,57,21,36,36.84,5580.05,97.9,1.155,-9226.82,1.44,20,36
1d,signal_close,1000.0,200.0,ema_low,,57,21,36,36.84,5580.05,97.9,1.155,-9226.82,1.44,20,36
1d,signal_close,1000.0,300.0,ema_low,,57,21,36,36.84,5580.05,97.9,1.155,-9226.82,1.44,20,36
1d,signal_close,1000.0,400.0,ema_low,,57,21,36,36.84,5580.05,97.9,1.155,-9226.82,1.44,20,36
1d,next_open,1000.0,600.0,fixed_rr,1.5,56,24,32,42.86,4000.0,71.43,1.125,-6000.0,0.32,24,32
1d,next_open,1000.0,50.0,fixed_rr,1.5,57,24,33,42.11,3000.0,52.63,1.091,-6000.0,0.32,24,33
1d,next_open,1000.0,100.0,fixed_rr,1.5,57,24,33,42.11,3000.0,52.63,1.091,-6000.0,0.32,24,33
1d,next_open,1000.0,150.0,fixed_rr,1.5,57,24,33,42.11,3000.0,52.63,1.091,-6000.0,0.32,24,33
1d,next_open,1000.0,200.0,fixed_rr,1.5,57,24,33,42.11,3000.0,52.63,1.091,-6000.0,0.32,24,33
1d,next_open,1000.0,300.0,fixed_rr,1.5,57,24,33,42.11,3000.0,52.63,1.091,-6000.0,0.32,24,33
1d,next_open,1000.0,400.0,fixed_rr,1.5,57,24,33,42.11,3000.0,52.63,1.091,-6000.0,0.32,24,33
1d,next_open,1000.0,600.0,fixed_rr,2.0,56,20,36,35.71,2220.5,39.65,1.062,-5000.0,0.59,19,36
1d,signal_close,1000.0,600.0,fixed_rr,1.5,56,23,33,41.07,1500.0,26.79,1.045,-8500.0,1.32,23,33
1d,next_open,1000.0,50.0,fixed_rr,2.0,57,20,37,35.09,1220.5,21.41,1.033,-5000.0,0.58,19,37
1d,next_open,1000.0,100.0,fixed_rr,2.0,57,20,37,35.09,1220.5,21.41,1.033,-5000.0,0.58,19,37
1d,next_open,1000.0,150.0,fixed_rr,2.0,57,20,37,35.09,1220.5,21.41,1.033,-5000.0,0.58,19,37
1d,next_open,1000.0,200.0,fixed_rr,2.0,57,20,37,35.09,1220.5,21.41,1.033,-5000.0,0.58,19,37
1d,next_open,1000.0,300.0,fixed_rr,2.0,57,20,37,35.09,1220.5,21.41,1.033,-5000.0,0.58,19,37
1d,next_open,1000.0,400.0,fixed_rr,2.0,57,20,37,35.09,1220.5,21.41,1.033,-5000.0,0.58,19,37
1d,signal_close,1000.0,50.0,fixed_rr,1.5,57,23,34,40.35,500.0,8.77,1.015,-8500.0,1.32,23,34
1d,signal_close,1000.0,100.0,fixed_rr,1.5,57,23,34,40.35,500.0,8.77,1.015,-8500.0,1.32,23,34
1d,signal_close,1000.0,150.0,fixed_rr,1.5,57,23,34,40.35,500.0,8.77,1.015,-8500.0,1.32,23,34
1d,signal_close,1000.0,200.0,fixed_rr,1.5,57,23,34,40.35,500.0,8.77,1.015,-8500.0,1.32,23,34
1d,signal_close,1000.0,300.0,fixed_rr,1.5,57,23,34,40.35,500.0,8.77,1.015,-8500.0,1.32,23,34
1d,signal_close,1000.0,400.0,fixed_rr,1.5,57,23,34,40.35,500.0,8.77,1.015,-8500.0,1.32,23,34
1d,signal_close,1000.0,600.0,fixed_rr,2.0,56,19,37,33.93,-788.5,-14.08,0.979,-8000.0,1.59,18,37
1d,next_open,800.0,600.0,ema_low,,56,16,40,28.57,-1153.69,-20.6,0.964,-13185.6,0.39,15,40
1d,signal_close,800.0,600.0,fixed_rr,2.0,56,18,38,32.14,-1600.0,-28.57,0.947,-11200.0,1.3,18,38
1d,next_open,800.0,600.0,fixed_rr,2.0,56,18,38,32.14,-1600.0,-28.57,0.947,-11200.0,0.3,18,38
1d,signal_close,800.0,600.0,ema_low,,56,16,40,28.57,-1671.19,-29.84,0.948,-13196.1,1.39,15,40
1d,signal_close,1000.0,50.0,fixed_rr,2.0,57,19,38,33.33,-1788.5,-31.38,0.953,-8000.0,1.58,18,38
1d,signal_close,1000.0,100.0,fixed_rr,2.0,57,19,38,33.33,-1788.5,-31.38,0.953,-8000.0,1.58,18,38
1d,signal_close,1000.0,150.0,fixed_rr,2.0,57,19,38,33.33,-1788.5,-31.38,0.953,-8000.0,1.58,18,38
1d,signal_close,1000.0,200.0,fixed_rr,2.0,57,19,38,33.33,-1788.5,-31.38,0.953,-8000.0,1.58,18,38
1d,signal_close,1000.0,300.0,fixed_rr,2.0,57,19,38,33.33,-1788.5,-31.38,0.953,-8000.0,1.58,18,38
1d,signal_close,1000.0,400.0,fixed_rr,2.0,57,19,38,33.33,-1788.5,-31.38,0.953,-8000.0,1.58,18,38
1d,next_open,800.0,50.0,ema_low,,57,16,41,28.07,-1953.69,-34.28,0.94,-13185.6,0.39,15,41
1d,next_open,800.0,100.0,ema_low,,57,16,41,28.07,-1953.69,-34.28,0.94,-13185.6,0.39,15,41
1d,next_open,800.0,150.0,ema_low,,57,16,41,28.07,-1953.69,-34.28,0.94,-13185.6,0.39,15,41
1d,next_open,800.0,200.0,ema_low,,57,16,41,28.07,-1953.69,-34.28,0.94,-13185.6,0.39,15,41
1d,next_open,800.0,300.0,ema_low,,57,16,41,28.07,-1953.69,-34.28,0.94,-13185.6,0.39,15,41
1d,next_open,800.0,400.0,ema_low,,57,16,41,28.07,-1953.69,-34.28,0.94,-13185.6,0.39,15,41
1d,next_open,1000.0,600.0,fixed_rr,1.0,56,27,29,48.21,-2000.0,-35.71,0.931,-7000.0,0.16,27,29
1d,signal_close,800.0,50.0,fixed_rr,2.0,57,18,39,31.58,-2400.0,-42.11,0.923,-11200.0,1.3,18,39
1d,signal_close,800.0,100.0,fixed_rr,2.0,57,18,39,31.58,-2400.0,-42.11,0.923,-11200.0,1.3,18,39
1d,signal_close,800.0,150.0,fixed_rr,2.0,57,18,39,31.58,-2400.0,-42.11,0.923,-11200.0,1.3,18,39
1d,signal_close,800.0,200.0,fixed_rr,2.0,57,18,39,31.58,-2400.0,-42.11,0.923,-11200.0,1.3,18,39
1d,signal_close,800.0,300.0,fixed_rr,2.0,57,18,39,31.58,-2400.0,-42.11,0.923,-11200.0,1.3,18,39
1d,signal_close,800.0,400.0,fixed_rr,2.0,57,18,39,31.58,-2400.0,-42.11,0.923,-11200.0,1.3,18,39
1d,next_open,800.0,50.0,fixed_rr,2.0,57,18,39,31.58,-2400.0,-42.11,0.923,-11200.0,0.3,18,39
1d,next_open,800.0,100.0,fixed_rr,2.0,57,18,39,31.58,-2400.0,-42.11,0.923,-11200.0,0.3,18,39
1d,next_open,800.0,150.0,fixed_rr,2.0,57,18,39,31.58,-2400.0,-42.11,0.923,-11200.0,0.3,18,39
1d,next_open,800.0,200.0,fixed_rr,2.0,57,18,39,31.58,-2400.0,-42.11,0.923,-11200.0,0.3,18,39
1d,next_open,800.0,300.0,fixed_rr,2.0,57,18,39,31.58,-2400.0,-42.11,0.923,-11200.0,0.3,18,39
1d,next_open,800.0,400.0,fixed_rr,2.0,57,18,39,31.58,-2400.0,-42.11,0.923,-11200.0,0.3,18,39
1d,signal_close,600.0,600.0,fixed_rr,3.0,56,13,43,23.21,-2400.0,-42.86,0.907,-9000.0,1.3,13,43
1d,next_open,600.0,600.0,fixed_rr,3.0,56,13,43,23.21,-2400.0,-42.86,0.907,-9000.0,0.3,13,43
1d,signal_close,800.0,50.0,ema_low,,57,16,41,28.07,-2471.19,-43.35,0.925,-13196.1,1.39,15,41
1d,signal_close,800.0,100.0,ema_low,,57,16,41,28.07,-2471.19,-43.35,0.925,-13196.1,1.39,15,41
1d,signal_close,800.0,150.0,ema_low,,57,16,41,28.07,-2471.19,-43.35,0.925,-13196.1,1.39,15,41
1d,signal_close,800.0,200.0,ema_low,,57,16,41,28.07,-2471.19,-43.35,0.925,-13196.1,1.39,15,41
1d,signal_close,800.0,300.0,ema_low,,57,16,41,28.07,-2471.19,-43.35,0.925,-13196.1,1.39,15,41
1d,signal_close,800.0,400.0,ema_low,,57,16,41,28.07,-2471.19,-43.35,0.925,-13196.1,1.39,15,41
1d,next_open,1000.0,600.0,fixed_rr,3.0,56,14,42,25.0,-2779.5,-49.63,0.934,-11000.0,0.86,13,42
1d,next_open,1000.0,50.0,fixed_rr,1.0,57,27,30,47.37,-3000.0,-52.63,0.9,-7000.0,0.16,27,30
1d,next_open,1000.0,100.0,fixed_rr,1.0,57,27,30,47.37,-3000.0,-52.63,0.9,-7000.0,0.16,27,30
1d,next_open,1000.0,150.0,fixed_rr,1.0,57,27,30,47.37,-3000.0,-52.63,0.9,-7000.0,0.16,27,30
1d,next_open,1000.0,200.0,fixed_rr,1.0,57,27,30,47.37,-3000.0,-52.63,0.9,-7000.0,0.16,27,30
1d,next_open,1000.0,300.0,fixed_rr,1.0,57,27,30,47.37,-3000.0,-52.63,0.9,-7000.0,0.16,27,30
1d,next_open,1000.0,400.0,fixed_rr,1.0,57,27,30,47.37,-3000.0,-52.63,0.9,-7000.0,0.16,27,30
1d,signal_close,600.0,50.0,fixed_rr,3.0,57,13,44,22.81,-3000.0,-52.63,0.886,-9000.0,1.3,13,44
1d,signal_close,600.0,100.0,fixed_rr,3.0,57,13,44,22.81,-3000.0,-52.63,0.886,-9000.0,1.3,13,44
1d,signal_close,600.0,150.0,fixed_rr,3.0,57,13,44,22.81,-3000.0,-52.63,0.886,-9000.0,1.3,13,44
1d,signal_close,600.0,200.0,fixed_rr,3.0,57,13,44,22.81,-3000.0,-52.63,0.886,-9000.0,1.3,13,44
1d,signal_close,600.0,300.0,fixed_rr,3.0,57,13,44,22.81,-3000.0,-52.63,0.886,-9000.0,1.3,13,44
1d,signal_close,600.0,400.0,fixed_rr,3.0,57,13,44,22.81,-3000.0,-52.63,0.886,-9000.0,1.3,13,44
1d,next_open,600.0,50.0,fixed_rr,3.0,57,13,44,22.81,-3000.0,-52.63,0.886,-9000.0,0.3,13,44
1d,next_open,600.0,100.0,fixed_rr,3.0,57,13,44,22.81,-3000.0,-52.63,0.886,-9000.0,0.3,13,44
1d,next_open,600.0,150.0,fixed_rr,3.0,57,13,44,22.81,-3000.0,-52.63,0.886,-9000.0,0.3,13,44
1d,next_open,600.0,200.0,fixed_rr,3.0,57,13,44,22.81,-3000.0,-52.63,0.886,-9000.0,0.3,13,44
1d,next_open,600.0,300.0,fixed_rr,3.0,57,13,44,22.81,-3000.0,-52.63,0.886,-9000.0,0.3,13,44
1d,next_open,600.0,400.0,fixed_rr,3.0,57,13,44,22.81,-3000.0,-52.63,0.886,-9000.0,0.3,13,44
1d,next_open,500.0,600.0,ema_low,,56,12,44,21.43,-3076.47,-54.94,0.86,-5870.47,0.25,11,44
1d,next_open,600.0,600.0,ema_low,,56,13,43,23.21,-3087.28,-55.13,0.88,-8412.14,0.29,12,43
1d,next_open,500.0,50.0,ema_low,,57,12,45,21.05,-3576.47,-62.75,0.841,-5870.47,0.25,11,45
1d,next_open,500.0,100.0,ema_low,,57,12,45,21.05,-3576.47,-62.75,0.841,-5870.47,0.25,11,45
1d,next_open,500.0,150.0,ema_low,,57,12,45,21.05,-3576.47,-62.75,0.841,-5870.47,0.25,11,45
1d,next_open,500.0,200.0,ema_low,,57,12,45,21.05,-3576.47,-62.75,0.841,-5870.47,0.25,11,45
1d,next_open,500.0,300.0,ema_low,,57,12,45,21.05,-3576.47,-62.75,0.841,-5870.47,0.25,11,45
1d,next_open,500.0,400.0,ema_low,,57,12,45,21.05,-3576.47,-62.75,0.841,-5870.47,0.25,11,45
1d,signal_close,600.0,600.0,ema_low,,56,13,43,23.21,-3603.78,-64.35,0.86,-8423.64,1.29,12,43
1d,next_open,600.0,50.0,ema_low,,57,13,44,22.81,-3687.28,-64.69,0.86,-8412.14,0.28,12,44
1d,next_open,600.0,100.0,ema_low,,57,13,44,22.81,-3687.28,-64.69,0.86,-8412.14,0.28,12,44
1d,next_open,600.0,150.0,ema_low,,57,13,44,22.81,-3687.28,-64.69,0.86,-8412.14,0.28,12,44
1d,next_open,600.0,200.0,ema_low,,57,13,44,22.81,-3687.28,-64.69,0.86,-8412.14,0.28,12,44
1d,next_open,600.0,300.0,ema_low,,57,13,44,22.81,-3687.28,-64.69,0.86,-8412.14,0.28,12,44
1d,next_open,600.0,400.0,ema_low,,57,13,44,22.81,-3687.28,-64.69,0.86,-8412.14,0.28,12,44
1d,next_open,1000.0,50.0,fixed_rr,3.0,57,14,43,24.56,-3779.5,-66.31,0.912,-11000.0,0.84,13,43
1d,next_open,1000.0,100.0,fixed_rr,3.0,57,14,43,24.56,-3779.5,-66.31,0.912,-11000.0,0.84,13,43
1d,next_open,1000.0,150.0,fixed_rr,3.0,57,14,43,24.56,-3779.5,-66.31,0.912,-11000.0,0.84,13,43
1d,next_open,1000.0,200.0,fixed_rr,3.0,57,14,43,24.56,-3779.5,-66.31,0.912,-11000.0,0.84,13,43
1d,next_open,1000.0,300.0,fixed_rr,3.0,57,14,43,24.56,-3779.5,-66.31,0.912,-11000.0,0.84,13,43
1d,next_open,1000.0,400.0,fixed_rr,3.0,57,14,43,24.56,-3779.5,-66.31,0.912,-11000.0,0.84,13,43
1d,signal_close,500.0,600.0,fixed_rr,3.0,56,12,44,21.43,-4000.0,-71.43,0.818,-5500.0,1.14,12,44
1d,next_open,500.0,600.0,fixed_rr,3.0,56,12,44,21.43,-4000.0,-71.43,0.818,-5500.0,0.23,12,44
1d,signal_close,600.0,50.0,ema_low,,57,13,44,22.81,-4203.78,-73.75,0.841,-8423.64,1.28,12,44
1d,signal_close,600.0,100.0,ema_low,,57,13,44,22.81,-4203.78,-73.75,0.841,-8423.64,1.28,12,44
1d,signal_close,600.0,150.0,ema_low,,57,13,44,22.81,-4203.78,-73.75,0.841,-8423.64,1.28,12,44
1d,signal_close,600.0,200.0,ema_low,,57,13,44,22.81,-4203.78,-73.75,0.841,-8423.64,1.28,12,44
1d,signal_close,600.0,300.0,ema_low,,57,13,44,22.81,-4203.78,-73.75,0.841,-8423.64,1.28,12,44
1d,signal_close,600.0,400.0,ema_low,,57,13,44,22.81,-4203.78,-73.75,0.841,-8423.64,1.28,12,44
1d,signal_close,500.0,50.0,fixed_rr,3.0,57,12,45,21.05,-4500.0,-78.95,0.8,-6000.0,1.14,12,45
1d,signal_close,500.0,100.0,fixed_rr,3.0,57,12,45,21.05,-4500.0,-78.95,0.8,-6000.0,1.14,12,45
1d,signal_close,500.0,150.0,fixed_rr,3.0,57,12,45,21.05,-4500.0,-78.95,0.8,-6000.0,1.14,12,45
1d,signal_close,500.0,200.0,fixed_rr,3.0,57,12,45,21.05,-4500.0,-78.95,0.8,-6000.0,1.14,12,45
1d,signal_close,500.0,300.0,fixed_rr,3.0,57,12,45,21.05,-4500.0,-78.95,0.8,-6000.0,1.14,12,45
1d,signal_close,500.0,400.0,fixed_rr,3.0,57,12,45,21.05,-4500.0,-78.95,0.8,-6000.0,1.14,12,45
1d,next_open,500.0,50.0,fixed_rr,3.0,57,12,45,21.05,-4500.0,-78.95,0.8,-6000.0,0.23,12,45
1d,next_open,500.0,100.0,fixed_rr,3.0,57,12,45,21.05,-4500.0,-78.95,0.8,-6000.0,0.23,12,45
1d,next_open,500.0,150.0,fixed_rr,3.0,57,12,45,21.05,-4500.0,-78.95,0.8,-6000.0,0.23,12,45
1d,next_open,500.0,200.0,fixed_rr,3.0,57,12,45,21.05,-4500.0,-78.95,0.8,-6000.0,0.23,12,45
1d,next_open,500.0,300.0,fixed_rr,3.0,57,12,45,21.05,-4500.0,-78.95,0.8,-6000.0,0.23,12,45
1d,next_open,500.0,400.0,fixed_rr,3.0,57,12,45,21.05,-4500.0,-78.95,0.8,-6000.0,0.23,12,45
1d,signal_close,500.0,600.0,ema_low,,56,11,45,19.64,-4861.06,-86.8,0.784,-6391.47,1.21,10,45
1d,next_open,200.0,600.0,ema_low,,56,3,53,5.36,-5267.95,-94.07,0.503,-6736.23,0.05,3,53
1d,signal_close,500.0,50.0,ema_low,,57,11,46,19.3,-5361.06,-94.05,0.767,-6391.47,1.21,10,46
1d,signal_close,500.0,100.0,ema_low,,57,11,46,19.3,-5361.06,-94.05,0.767,-6391.47,1.21,10,46
1d,signal_close,500.0,150.0,ema_low,,57,11,46,19.3,-5361.06,-94.05,0.767,-6391.47,1.21,10,46
1d,signal_close,500.0,200.0,ema_low,,57,11,46,19.3,-5361.06,-94.05,0.767,-6391.47,1.21,10,46
1d,signal_close,500.0,300.0,ema_low,,57,11,46,19.3,-5361.06,-94.05,0.767,-6391.47,1.21,10,46
1d,signal_close,500.0,400.0,ema_low,,57,11,46,19.3,-5361.06,-94.05,0.767,-6391.47,1.21,10,46
1d,next_open,200.0,50.0,ema_low,,57,3,54,5.26,-5467.95,-95.93,0.494,-6936.23,0.05,3,54
1d,next_open,200.0,100.0,ema_low,,57,3,54,5.26,-5467.95,-95.93,0.494,-6936.23,0.05,3,54
1d,next_open,200.0,150.0,ema_low,,57,3,54,5.26,-5467.95,-95.93,0.494,-6936.23,0.05,3,54
1d,next_open,200.0,200.0,ema_low,,57,3,54,5.26,-5467.95,-95.93,0.494,-6936.23,0.05,3,54
1d,next_open,200.0,300.0,ema_low,,57,3,54,5.26,-5467.95,-95.93,0.494,-6936.23,0.05,3,54
1d,next_open,200.0,400.0,ema_low,,57,3,54,5.26,-5467.95,-95.93,0.494,-6936.23,0.05,3,54
1d,signal_close,1000.0,600.0,fixed_rr,1.0,56,25,31,44.64,-6000.0,-107.14,0.806,-10000.0,1.25,25,31
1d,next_open,600.0,600.0,fixed_rr,2.0,56,15,41,26.79,-6600.0,-117.86,0.732,-10800.0,0.14,15,41
1d,next_open,400.0,600.0,ema_low,,56,7,49,12.5,-6694.09,-119.54,0.658,-8809.27,0.09,7,49
1d,signal_close,200.0,600.0,ema_low,,56,2,54,3.57,-6747.55,-120.49,0.375,-6937.23,1.02,2,54
1d,signal_close,1000.0,600.0,fixed_rr,3.0,56,13,43,23.21,-6788.5,-121.22,0.842,-15000.0,1.84,12,43
1d,next_open,800.0,600.0,fixed_rr,1.5,56,19,37,33.93,-6800.0,-121.43,0.77,-12800.0,0.2,19,37
1d,signal_close,200.0,50.0,ema_low,,57,2,55,3.51,-6947.55,-121.89,0.368,-7137.23,1.02,2,55
1d,signal_close,200.0,100.0,ema_low,,57,2,55,3.51,-6947.55,-121.89,0.368,-7137.23,1.02,2,55
1d,signal_close,200.0,150.0,ema_low,,57,2,55,3.51,-6947.55,-121.89,0.368,-7137.23,1.02,2,55
1d,signal_close,200.0,200.0,ema_low,,57,2,55,3.51,-6947.55,-121.89,0.368,-7137.23,1.02,2,55
1d,signal_close,200.0,300.0,ema_low,,57,2,55,3.51,-6947.55,-121.89,0.368,-7137.23,1.02,2,55
1d,signal_close,200.0,400.0,ema_low,,57,2,55,3.51,-6947.55,-121.89,0.368,-7137.23,1.02,2,55
1d,signal_close,1000.0,50.0,fixed_rr,1.0,57,25,32,43.86,-7000.0,-122.81,0.781,-10000.0,1.25,25,32
1d,signal_close,1000.0,100.0,fixed_rr,1.0,57,25,32,43.86,-7000.0,-122.81,0.781,-10000.0,1.25,25,32
1d,signal_close,1000.0,150.0,fixed_rr,1.0,57,25,32,43.86,-7000.0,-122.81,0.781,-10000.0,1.25,25,32
1d,signal_close,1000.0,200.0,fixed_rr,1.0,57,25,32,43.86,-7000.0,-122.81,0.781,-10000.0,1.25,25,32
1d,signal_close,1000.0,300.0,fixed_rr,1.0,57,25,32,43.86,-7000.0,-122.81,0.781,-10000.0,1.25,25,32
1d,signal_close,1000.0,400.0,fixed_rr,1.0,57,25,32,43.86,-7000.0,-122.81,0.781,-10000.0,1.25,25,32
1d,next_open,400.0,50.0,ema_low,,57,7,50,12.28,-7094.09,-124.46,0.645,-8809.27,0.09,7,50
1d,next_open,400.0,100.0,ema_low,,57,7,50,12.28,-7094.09,-124.46,0.645,-8809.27,0.09,7,50
1d,next_open,400.0,150.0,ema_low,,57,7,50,12.28,-7094.09,-124.46,0.645,-8809.27,0.09,7,50
1d,next_open,400.0,200.0,ema_low,,57,7,50,12.28,-7094.09,-124.46,0.645,-8809.27,0.09,7,50
1d,next_open,400.0,300.0,ema_low,,57,7,50,12.28,-7094.09,-124.46,0.645,-8809.27,0.09,7,50
1d,next_open,400.0,400.0,ema_low,,57,7,50,12.28,-7094.09,-124.46,0.645,-8809.27,0.09,7,50
1d,next_open,600.0,50.0,fixed_rr,2.0,57,15,42,26.32,-7200.0,-126.32,0.714,-10800.0,0.14,15,42
1d,next_open,600.0,100.0,fixed_rr,2.0,57,15,42,26.32,-7200.0,-126.32,0.714,-10800.0,0.14,15,42
1d,next_open,600.0,150.0,fixed_rr,2.0,57,15,42,26.32,-7200.0,-126.32,0.714,-10800.0,0.14,15,42
1d,next_open,600.0,200.0,fixed_rr,2.0,57,15,42,26.32,-7200.0,-126.32,0.714,-10800.0,0.14,15,42
1d,next_open,600.0,300.0,fixed_rr,2.0,57,15,42,26.32,-7200.0,-126.32,0.714,-10800.0,0.14,15,42
1d,next_open,600.0,400.0,fixed_rr,2.0,57,15,42,26.32,-7200.0,-126.32,0.714,-10800.0,0.14,15,42
1d,next_open,800.0,50.0,fixed_rr,1.5,57,19,38,33.33,-7600.0,-133.33,0.75,-12800.0,0.19,19,38
1d,next_open,800.0,100.0,fixed_rr,1.5,57,19,38,33.33,-7600.0,-133.33,0.75,-12800.0,0.19,19,38
1d,next_open,800.0,150.0,fixed_rr,1.5,57,19,38,33.33,-7600.0,-133.33,0.75,-12800.0,0.19,19,38
1d,next_open,800.0,200.0,fixed_rr,1.5,57,19,38,33.33,-7600.0,-133.33,0.75,-12800.0,0.19,19,38
1d,next_open,800.0,300.0,fixed_rr,1.5,57,19,38,33.33,-7600.0,-133.33,0.75,-12800.0,0.19,19,38
1d,next_open,800.0,400.0,fixed_rr,1.5,57,19,38,33.33,-7600.0,-133.33,0.75,-12800.0,0.19,19,38
1d,signal_close,1000.0,50.0,fixed_rr,3.0,57,13,44,22.81,-7788.5,-136.64,0.823,-15000.0,1.82,12,44
1d,signal_close,1000.0,100.0,fixed_rr,3.0,57,13,44,22.81,-7788.5,-136.64,0.823,-15000.0,1.82,12,44
1d,signal_close,1000.0,150.0,fixed_rr,3.0,57,13,44,22.81,-7788.5,-136.64,0.823,-15000.0,1.82,12,44
1d,signal_close,1000.0,200.0,fixed_rr,3.0,57,13,44,22.81,-7788.5,-136.64,0.823,-15000.0,1.82,12,44
1d,signal_close,1000.0,300.0,fixed_rr,3.0,57,13,44,22.81,-7788.5,-136.64,0.823,-15000.0,1.82,12,44
1d,signal_close,1000.0,400.0,fixed_rr,3.0,57,13,44,22.81,-7788.5,-136.64,0.823,-15000.0,1.82,12,44
1d,next_open,200.0,600.0,fixed_rr,3.0,56,4,52,7.14,-8000.0,-142.86,0.231,-8600.0,0.0,4,52
1d,next_open,200.0,50.0,fixed_rr,3.0,57,4,53,7.02,-8200.0,-143.86,0.226,-8800.0,0.0,4,53
1d,next_open,200.0,100.0,fixed_rr,3.0,57,4,53,7.02,-8200.0,-143.86,0.226,-8800.0,0.0,4,53
1d,next_open,200.0,150.0,fixed_rr,3.0,57,4,53,7.02,-8200.0,-143.86,0.226,-8800.0,0.0,4,53
1d,next_open,200.0,200.0,fixed_rr,3.0,57,4,53,7.02,-8200.0,-143.86,0.226,-8800.0,0.0,4,53
1d,next_open,200.0,300.0,fixed_rr,3.0,57,4,53,7.02,-8200.0,-143.86,0.226,-8800.0,0.0,4,53
1d,next_open,200.0,400.0,fixed_rr,3.0,57,4,53,7.02,-8200.0,-143.86,0.226,-8800.0,0.0,4,53
1d,signal_close,400.0,600.0,ema_low,,56,6,50,10.71,-8374.69,-149.55,0.581,-9225.77,1.05,6,50
1d,signal_close,600.0,600.0,fixed_rr,2.0,56,14,42,25.0,-8400.0,-150.0,0.667,-11400.0,1.23,14,42
1d,next_open,500.0,600.0,fixed_rr,2.0,56,13,43,23.21,-8500.0,-151.79,0.605,-10500.0,0.14,13,43
1d,signal_close,400.0,50.0,ema_low,,57,6,51,10.53,-8774.69,-153.94,0.57,-9225.77,1.05,6,51
1d,signal_close,400.0,100.0,ema_low,,57,6,51,10.53,-8774.69,-153.94,0.57,-9225.77,1.05,6,51
1d,signal_close,400.0,150.0,ema_low,,57,6,51,10.53,-8774.69,-153.94,0.57,-9225.77,1.05,6,51
1d,signal_close,400.0,200.0,ema_low,,57,6,51,10.53,-8774.69,-153.94,0.57,-9225.77,1.05,6,51
1d,signal_close,400.0,300.0,ema_low,,57,6,51,10.53,-8774.69,-153.94,0.57,-9225.77,1.05,6,51
1d,signal_close,400.0,400.0,ema_low,,57,6,51,10.53,-8774.69,-153.94,0.57,-9225.77,1.05,6,51
1d,signal_close,800.0,600.0,fixed_rr,1.5,56,18,38,32.14,-8800.0,-157.14,0.711,-13600.0,1.29,18,38
1d,signal_close,200.0,600.0,fixed_rr,3.0,56,3,53,5.36,-8800.0,-157.14,0.17,-8800.0,1.0,3,53
1d,next_open,200.0,600.0,fixed_rr,2.0,56,4,52,7.14,-8800.0,-157.14,0.154,-9200.0,0.0,4,52
1d,signal_close,600.0,50.0,fixed_rr,2.0,57,14,43,24.56,-9000.0,-157.89,0.651,-11400.0,1.23,14,43
1d,signal_close,600.0,100.0,fixed_rr,2.0,57,14,43,24.56,-9000.0,-157.89,0.651,-11400.0,1.23,14,43
1d,signal_close,600.0,150.0,fixed_rr,2.0,57,14,43,24.56,-9000.0,-157.89,0.651,-11400.0,1.23,14,43
1d,signal_close,600.0,200.0,fixed_rr,2.0,57,14,43,24.56,-9000.0,-157.89,0.651,-11400.0,1.23,14,43
1d,signal_close,600.0,300.0,fixed_rr,2.0,57,14,43,24.56,-9000.0,-157.89,0.651,-11400.0,1.23,14,43
1d,signal_close,600.0,400.0,fixed_rr,2.0,57,14,43,24.56,-9000.0,-157.89,0.651,-11400.0,1.23,14,43
1d,next_open,500.0,50.0,fixed_rr,2.0,57,13,44,22.81,-9000.0,-157.89,0.591,-11000.0,0.14,13,44
1d,next_open,500.0,100.0,fixed_rr,2.0,57,13,44,22.81,-9000.0,-157.89,0.591,-11000.0,0.14,13,44
1d,next_open,500.0,150.0,fixed_rr,2.0,57,13,44,22.81,-9000.0,-157.89,0.591,-11000.0,0.14,13,44
1d,next_open,500.0,200.0,fixed_rr,2.0,57,13,44,22.81,-9000.0,-157.89,0.591,-11000.0,0.14,13,44
1d,next_open,500.0,300.0,fixed_rr,2.0,57,13,44,22.81,-9000.0,-157.89,0.591,-11000.0,0.14,13,44
1d,next_open,500.0,400.0,fixed_rr,2.0,57,13,44,22.81,-9000.0,-157.89,0.591,-11000.0,0.14,13,44
1d,signal_close,200.0,50.0,fixed_rr,3.0,57,3,54,5.26,-9000.0,-157.89,0.167,-9000.0,1.0,3,54
1d,signal_close,200.0,100.0,fixed_rr,3.0,57,3,54,5.26,-9000.0,-157.89,0.167,-9000.0,1.0,3,54
1d,signal_close,200.0,150.0,fixed_rr,3.0,57,3,54,5.26,-9000.0,-157.89,0.167,-9000.0,1.0,3,54
1d,signal_close,200.0,200.0,fixed_rr,3.0,57,3,54,5.26,-9000.0,-157.89,0.167,-9000.0,1.0,3,54
1d,signal_close,200.0,300.0,fixed_rr,3.0,57,3,54,5.26,-9000.0,-157.89,0.167,-9000.0,1.0,3,54
1d,signal_close,200.0,400.0,fixed_rr,3.0,57,3,54,5.26,-9000.0,-157.89,0.167,-9000.0,1.0,3,54
1d,next_open,200.0,50.0,fixed_rr,2.0,57,4,53,7.02,-9000.0,-157.89,0.151,-9400.0,0.0,4,53
1d,next_open,200.0,100.0,fixed_rr,2.0,57,4,53,7.02,-9000.0,-157.89,0.151,-9400.0,0.0,4,53
1d,next_open,200.0,150.0,fixed_rr,2.0,57,4,53,7.02,-9000.0,-157.89,0.151,-9400.0,0.0,4,53
1d,next_open,200.0,200.0,fixed_rr,2.0,57,4,53,7.02,-9000.0,-157.89,0.151,-9400.0,0.0,4,53
1d,next_open,200.0,300.0,fixed_rr,2.0,57,4,53,7.02,-9000.0,-157.89,0.151,-9400.0,0.0,4,53
1d,next_open,200.0,400.0,fixed_rr,2.0,57,4,53,7.02,-9000.0,-157.89,0.151,-9400.0,0.0,4,53
1d,next_open,200.0,600.0,fixed_rr,1.5,56,4,52,7.14,-9200.0,-164.29,0.115,-9500.0,0.0,4,52
1d,signal_close,200.0,600.0,fixed_rr,2.0,56,3,53,5.36,-9400.0,-167.86,0.113,-9400.0,1.0,3,53
1d,next_open,200.0,50.0,fixed_rr,1.5,57,4,53,7.02,-9400.0,-164.91,0.113,-9700.0,0.0,4,53
1d,next_open,200.0,100.0,fixed_rr,1.5,57,4,53,7.02,-9400.0,-164.91,0.113,-9700.0,0.0,4,53
1d,next_open,200.0,150.0,fixed_rr,1.5,57,4,53,7.02,-9400.0,-164.91,0.113,-9700.0,0.0,4,53
1d,next_open,200.0,200.0,fixed_rr,1.5,57,4,53,7.02,-9400.0,-164.91,0.113,-9700.0,0.0,4,53
1d,next_open,200.0,300.0,fixed_rr,1.5,57,4,53,7.02,-9400.0,-164.91,0.113,-9700.0,0.0,4,53
1d,next_open,200.0,400.0,fixed_rr,1.5,57,4,53,7.02,-9400.0,-164.91,0.113,-9700.0,0.0,4,53
1d,signal_close,800.0,50.0,fixed_rr,1.5,57,18,39,31.58,-9600.0,-168.42,0.692,-13600.0,1.28,18,39
1d,signal_close,800.0,100.0,fixed_rr,1.5,57,18,39,31.58,-9600.0,-168.42,0.692,-13600.0,1.28,18,39
1d,signal_close,800.0,150.0,fixed_rr,1.5,57,18,39,31.58,-9600.0,-168.42,0.692,-13600.0,1.28,18,39
1d,signal_close,800.0,200.0,fixed_rr,1.5,57,18,39,31.58,-9600.0,-168.42,0.692,-13600.0,1.28,18,39
1d,signal_close,800.0,300.0,fixed_rr,1.5,57,18,39,31.58,-9600.0,-168.42,0.692,-13600.0,1.28,18,39
1d,signal_close,800.0,400.0,fixed_rr,1.5,57,18,39,31.58,-9600.0,-168.42,0.692,-13600.0,1.28,18,39
1d,next_open,400.0,600.0,fixed_rr,3.0,56,8,48,14.29,-9600.0,-171.43,0.5,-10800.0,0.02,8,48
1d,signal_close,200.0,50.0,fixed_rr,2.0,57,3,54,5.26,-9600.0,-168.42,0.111,-9600.0,1.0,3,54
1d,signal_close,200.0,100.0,fixed_rr,2.0,57,3,54,5.26,-9600.0,-168.42,0.111,-9600.0,1.0,3,54
1d,signal_close,200.0,150.0,fixed_rr,2.0,57,3,54,5.26,-9600.0,-168.42,0.111,-9600.0,1.0,3,54
1d,signal_close,200.0,200.0,fixed_rr,2.0,57,3,54,5.26,-9600.0,-168.42,0.111,-9600.0,1.0,3,54
1d,signal_close,200.0,300.0,fixed_rr,2.0,57,3,54,5.26,-9600.0,-168.42,0.111,-9600.0,1.0,3,54
1d,signal_close,200.0,400.0,fixed_rr,2.0,57,3,54,5.26,-9600.0,-168.42,0.111,-9600.0,1.0,3,54
1d,next_open,200.0,600.0,fixed_rr,1.0,56,4,52,7.14,-9600.0,-171.43,0.077,-9800.0,0.0,4,52
1d,signal_close,200.0,600.0,fixed_rr,1.5,56,3,53,5.36,-9700.0,-173.21,0.085,-9700.0,1.0,3,53
1d,next_open,200.0,50.0,fixed_rr,1.0,57,4,53,7.02,-9800.0,-171.93,0.075,-10000.0,0.0,4,53
1d,next_open,200.0,100.0,fixed_rr,1.0,57,4,53,7.02,-9800.0,-171.93,0.075,-10000.0,0.0,4,53
1d,next_open,200.0,150.0,fixed_rr,1.0,57,4,53,7.02,-9800.0,-171.93,0.075,-10000.0,0.0,4,53
1d,next_open,200.0,200.0,fixed_rr,1.0,57,4,53,7.02,-9800.0,-171.93,0.075,-10000.0,0.0,4,53
1d,next_open,200.0,300.0,fixed_rr,1.0,57,4,53,7.02,-9800.0,-171.93,0.075,-10000.0,0.0,4,53
1d,next_open,200.0,400.0,fixed_rr,1.0,57,4,53,7.02,-9800.0,-171.93,0.075,-10000.0,0.0,4,53
1d,signal_close,200.0,50.0,fixed_rr,1.5,57,3,54,5.26,-9900.0,-173.68,0.083,-9900.0,1.0,3,54
1d,signal_close,200.0,100.0,fixed_rr,1.5,57,3,54,5.26,-9900.0,-173.68,0.083,-9900.0,1.0,3,54
1d,signal_close,200.0,150.0,fixed_rr,1.5,57,3,54,5.26,-9900.0,-173.68,0.083,-9900.0,1.0,3,54
1d,signal_close,200.0,200.0,fixed_rr,1.5,57,3,54,5.26,-9900.0,-173.68,0.083,-9900.0,1.0,3,54
1d,signal_close,200.0,300.0,fixed_rr,1.5,57,3,54,5.26,-9900.0,-173.68,0.083,-9900.0,1.0,3,54
1d,signal_close,200.0,400.0,fixed_rr,1.5,57,3,54,5.26,-9900.0,-173.68,0.083,-9900.0,1.0,3,54
1d,signal_close,500.0,600.0,fixed_rr,2.0,56,12,44,21.43,-10000.0,-178.57,0.545,-11000.0,1.14,12,44
1d,next_open,400.0,50.0,fixed_rr,3.0,57,8,49,14.04,-10000.0,-175.44,0.49,-11200.0,0.02,8,49
1d,next_open,400.0,100.0,fixed_rr,3.0,57,8,49,14.04,-10000.0,-175.44,0.49,-11200.0,0.02,8,49
1d,next_open,400.0,150.0,fixed_rr,3.0,57,8,49,14.04,-10000.0,-175.44,0.49,-11200.0,0.02,8,49
1d,next_open,400.0,200.0,fixed_rr,3.0,57,8,49,14.04,-10000.0,-175.44,0.49,-11200.0,0.02,8,49
1d,next_open,400.0,300.0,fixed_rr,3.0,57,8,49,14.04,-10000.0,-175.44,0.49,-11200.0,0.02,8,49
1d,next_open,400.0,400.0,fixed_rr,3.0,57,8,49,14.04,-10000.0,-175.44,0.49,-11200.0,0.02,8,49
1d,signal_close,200.0,600.0,fixed_rr,1.0,56,3,53,5.36,-10000.0,-178.57,0.057,-10000.0,1.0,3,53
1d,signal_close,200.0,50.0,fixed_rr,1.0,57,3,54,5.26,-10200.0,-178.95,0.056,-10200.0,1.0,3,54
1d,signal_close,200.0,100.0,fixed_rr,1.0,57,3,54,5.26,-10200.0,-178.95,0.056,-10200.0,1.0,3,54
1d,signal_close,200.0,150.0,fixed_rr,1.0,57,3,54,5.26,-10200.0,-178.95,0.056,-10200.0,1.0,3,54
1d,signal_close,200.0,200.0,fixed_rr,1.0,57,3,54,5.26,-10200.0,-178.95,0.056,-10200.0,1.0,3,54
1d,signal_close,200.0,300.0,fixed_rr,1.0,57,3,54,5.26,-10200.0,-178.95,0.056,-10200.0,1.0,3,54
1d,signal_close,200.0,400.0,fixed_rr,1.0,57,3,54,5.26,-10200.0,-178.95,0.056,-10200.0,1.0,3,54
1d,signal_close,500.0,50.0,fixed_rr,2.0,57,12,45,21.05,-10500.0,-184.21,0.533,-11500.0,1.14,12,45
1d,signal_close,500.0,100.0,fixed_rr,2.0,57,12,45,21.05,-10500.0,-184.21,0.533,-11500.0,1.14,12,45
1d,signal_close,500.0,150.0,fixed_rr,2.0,57,12,45,21.05,-10500.0,-184.21,0.533,-11500.0,1.14,12,45
1d,signal_close,500.0,200.0,fixed_rr,2.0,57,12,45,21.05,-10500.0,-184.21,0.533,-11500.0,1.14,12,45
1d,signal_close,500.0,300.0,fixed_rr,2.0,57,12,45,21.05,-10500.0,-184.21,0.533,-11500.0,1.14,12,45
1d,signal_close,500.0,400.0,fixed_rr,2.0,57,12,45,21.05,-10500.0,-184.21,0.533,-11500.0,1.14,12,45
1d,next_open,500.0,600.0,fixed_rr,1.5,56,14,42,25.0,-10500.0,-187.5,0.5,-12000.0,0.11,14,42
1d,next_open,300.0,600.0,ema_low,,56,3,53,5.36,-10567.95,-188.71,0.335,-11846.55,0.07,3,53
1d,next_open,300.0,50.0,ema_low,,57,3,54,5.26,-10867.95,-190.67,0.329,-12146.55,0.07,3,54
1d,next_open,300.0,100.0,ema_low,,57,3,54,5.26,-10867.95,-190.67,0.329,-12146.55,0.07,3,54
1d,next_open,300.0,150.0,ema_low,,57,3,54,5.26,-10867.95,-190.67,0.329,-12146.55,0.07,3,54
1d,next_open,300.0,200.0,ema_low,,57,3,54,5.26,-10867.95,-190.67,0.329,-12146.55,0.07,3,54
1d,next_open,300.0,300.0,ema_low,,57,3,54,5.26,-10867.95,-190.67,0.329,-12146.55,0.07,3,54
1d,next_open,300.0,400.0,ema_low,,57,3,54,5.26,-10867.95,-190.67,0.329,-12146.55,0.07,3,54
1d,next_open,500.0,50.0,fixed_rr,1.5,57,14,43,24.56,-11000.0,-192.98,0.488,-12500.0,0.11,14,43
1d,next_open,500.0,100.0,fixed_rr,1.5,57,14,43,24.56,-11000.0,-192.98,0.488,-12500.0,0.11,14,43
1d,next_open,500.0,150.0,fixed_rr,1.5,57,14,43,24.56,-11000.0,-192.98,0.488,-12500.0,0.11,14,43
1d,next_open,500.0,200.0,fixed_rr,1.5,57,14,43,24.56,-11000.0,-192.98,0.488,-12500.0,0.11,14,43
1d,next_open,500.0,300.0,fixed_rr,1.5,57,14,43,24.56,-11000.0,-192.98,0.488,-12500.0,0.11,14,43
1d,next_open,500.0,400.0,fixed_rr,1.5,57,14,43,24.56,-11000.0,-192.98,0.488,-12500.0,0.11,14,43
1d,signal_close,600.0,600.0,fixed_rr,1.5,56,15,41,26.79,-11100.0,-198.21,0.549,-13200.0,1.18,15,41
1d,next_open,600.0,600.0,fixed_rr,1.5,56,15,41,26.79,-11100.0,-198.21,0.549,-13200.0,0.14,15,41
1d,signal_close,800.0,600.0,fixed_rr,1.0,56,21,35,37.5,-11200.0,-200.0,0.6,-15200.0,1.16,21,35
1d,next_open,800.0,600.0,fixed_rr,1.0,56,21,35,37.5,-11200.0,-200.0,0.6,-15200.0,0.12,21,35
1d,signal_close,400.0,600.0,fixed_rr,3.0,56,7,49,12.5,-11200.0,-200.0,0.429,-11200.0,1.02,7,49
1d,signal_close,400.0,50.0,fixed_rr,3.0,57,7,50,12.28,-11600.0,-203.51,0.42,-11600.0,1.02,7,50
1d,signal_close,400.0,100.0,fixed_rr,3.0,57,7,50,12.28,-11600.0,-203.51,0.42,-11600.0,1.02,7,50
1d,signal_close,400.0,150.0,fixed_rr,3.0,57,7,50,12.28,-11600.0,-203.51,0.42,-11600.0,1.02,7,50
1d,signal_close,400.0,200.0,fixed_rr,3.0,57,7,50,12.28,-11600.0,-203.51,0.42,-11600.0,1.02,7,50
1d,signal_close,400.0,300.0,fixed_rr,3.0,57,7,50,12.28,-11600.0,-203.51,0.42,-11600.0,1.02,7,50
1d,signal_close,400.0,400.0,fixed_rr,3.0,57,7,50,12.28,-11600.0,-203.51,0.42,-11600.0,1.02,7,50
1d,signal_close,600.0,50.0,fixed_rr,1.5,57,15,42,26.32,-11700.0,-205.26,0.536,-13500.0,1.18,15,42
1d,signal_close,600.0,100.0,fixed_rr,1.5,57,15,42,26.32,-11700.0,-205.26,0.536,-13500.0,1.18,15,42
1d,signal_close,600.0,150.0,fixed_rr,1.5,57,15,42,26.32,-11700.0,-205.26,0.536,-13500.0,1.18,15,42
1d,signal_close,600.0,200.0,fixed_rr,1.5,57,15,42,26.32,-11700.0,-205.26,0.536,-13500.0,1.18,15,42
1d,signal_close,600.0,300.0,fixed_rr,1.5,57,15,42,26.32,-11700.0,-205.26,0.536,-13500.0,1.18,15,42
1d,signal_close,600.0,400.0,fixed_rr,1.5,57,15,42,26.32,-11700.0,-205.26,0.536,-13500.0,1.18,15,42
1d,next_open,600.0,50.0,fixed_rr,1.5,57,15,42,26.32,-11700.0,-205.26,0.536,-13500.0,0.14,15,42
1d,next_open,600.0,100.0,fixed_rr,1.5,57,15,42,26.32,-11700.0,-205.26,0.536,-13500.0,0.14,15,42
1d,next_open,600.0,150.0,fixed_rr,1.5,57,15,42,26.32,-11700.0,-205.26,0.536,-13500.0,0.14,15,42
1d,next_open,600.0,200.0,fixed_rr,1.5,57,15,42,26.32,-11700.0,-205.26,0.536,-13500.0,0.14,15,42
1d,next_open,600.0,300.0,fixed_rr,1.5,57,15,42,26.32,-11700.0,-205.26,0.536,-13500.0,0.14,15,42
1d,next_open,600.0,400.0,fixed_rr,1.5,57,15,42,26.32,-11700.0,-205.26,0.536,-13500.0,0.14,15,42
1d,signal_close,500.0,600.0,fixed_rr,1.5,56,13,43,23.21,-11750.0,-209.82,0.453,-12500.0,1.11,13,43
1d,next_open,800.0,600.0,fixed_rr,3.0,56,11,45,19.64,-11779.5,-210.35,0.673,-18400.0,0.59,10,45
1d,signal_close,800.0,600.0,fixed_rr,3.0,56,11,45,19.64,-11788.5,-210.51,0.673,-18400.0,1.59,10,45
1d,signal_close,800.0,50.0,fixed_rr,1.0,57,21,36,36.84,-12000.0,-210.53,0.583,-15200.0,1.16,21,36
1d,signal_close,800.0,100.0,fixed_rr,1.0,57,21,36,36.84,-12000.0,-210.53,0.583,-15200.0,1.16,21,36
1d,signal_close,800.0,150.0,fixed_rr,1.0,57,21,36,36.84,-12000.0,-210.53,0.583,-15200.0,1.16,21,36
1d,signal_close,800.0,200.0,fixed_rr,1.0,57,21,36,36.84,-12000.0,-210.53,0.583,-15200.0,1.16,21,36
1d,signal_close,800.0,300.0,fixed_rr,1.0,57,21,36,36.84,-12000.0,-210.53,0.583,-15200.0,1.16,21,36
1d,signal_close,800.0,400.0,fixed_rr,1.0,57,21,36,36.84,-12000.0,-210.53,0.583,-15200.0,1.16,21,36
1d,next_open,800.0,50.0,fixed_rr,1.0,57,21,36,36.84,-12000.0,-210.53,0.583,-15200.0,0.12,21,36
1d,next_open,800.0,100.0,fixed_rr,1.0,57,21,36,36.84,-12000.0,-210.53,0.583,-15200.0,0.12,21,36
1d,next_open,800.0,150.0,fixed_rr,1.0,57,21,36,36.84,-12000.0,-210.53,0.583,-15200.0,0.12,21,36
1d,next_open,800.0,200.0,fixed_rr,1.0,57,21,36,36.84,-12000.0,-210.53,0.583,-15200.0,0.12,21,36
1d,next_open,800.0,300.0,fixed_rr,1.0,57,21,36,36.84,-12000.0,-210.53,0.583,-15200.0,0.12,21,36
1d,next_open,800.0,400.0,fixed_rr,1.0,57,21,36,36.84,-12000.0,-210.53,0.583,-15200.0,0.12,21,36
1d,next_open,300.0,600.0,fixed_rr,3.0,56,4,52,7.14,-12000.0,-214.29,0.231,-12900.0,0.02,4,52
1d,signal_close,300.0,600.0,ema_low,,56,2,54,3.57,-12147.55,-216.92,0.25,-12147.55,1.04,2,54
1d,signal_close,500.0,50.0,fixed_rr,1.5,57,13,44,22.81,-12250.0,-214.91,0.443,-13000.0,1.11,13,44
1d,signal_close,500.0,100.0,fixed_rr,1.5,57,13,44,22.81,-12250.0,-214.91,0.443,-13000.0,1.11,13,44
1d,signal_close,500.0,150.0,fixed_rr,1.5,57,13,44,22.81,-12250.0,-214.91,0.443,-13000.0,1.11,13,44
1d,signal_close,500.0,200.0,fixed_rr,1.5,57,13,44,22.81,-12250.0,-214.91,0.443,-13000.0,1.11,13,44
1d,signal_close,500.0,300.0,fixed_rr,1.5,57,13,44,22.81,-12250.0,-214.91,0.443,-13000.0,1.11,13,44
1d,signal_close,500.0,400.0,fixed_rr,1.5,57,13,44,22.81,-12250.0,-214.91,0.443,-13000.0,1.11,13,44
1d,next_open,300.0,50.0,fixed_rr,3.0,57,4,53,7.02,-12300.0,-215.79,0.226,-13200.0,0.02,4,53
1d,next_open,300.0,100.0,fixed_rr,3.0,57,4,53,7.02,-12300.0,-215.79,0.226,-13200.0,0.02,4,53
1d,next_open,300.0,150.0,fixed_rr,3.0,57,4,53,7.02,-12300.0,-215.79,0.226,-13200.0,0.02,4,53
1d,next_open,300.0,200.0,fixed_rr,3.0,57,4,53,7.02,-12300.0,-215.79,0.226,-13200.0,0.02,4,53
1d,next_open,300.0,300.0,fixed_rr,3.0,57,4,53,7.02,-12300.0,-215.79,0.226,-13200.0,0.02,4,53
1d,next_open,300.0,400.0,fixed_rr,3.0,57,4,53,7.02,-12300.0,-215.79,0.226,-13200.0,0.02,4,53
1d,next_open,300.0,600.0,fixed_rr,2.0,56,5,51,8.93,-12300.0,-219.64,0.196,-12900.0,0.0,5,51
1d,signal_close,300.0,50.0,ema_low,,57,2,55,3.51,-12447.55,-218.38,0.246,-12447.55,1.04,2,55
1d,signal_close,300.0,100.0,ema_low,,57,2,55,3.51,-12447.55,-218.38,0.246,-12447.55,1.04,2,55
1d,signal_close,300.0,150.0,ema_low,,57,2,55,3.51,-12447.55,-218.38,0.246,-12447.55,1.04,2,55
1d,signal_close,300.0,200.0,ema_low,,57,2,55,3.51,-12447.55,-218.38,0.246,-12447.55,1.04,2,55
1d,signal_close,300.0,300.0,ema_low,,57,2,55,3.51,-12447.55,-218.38,0.246,-12447.55,1.04,2,55
1d,signal_close,300.0,400.0,ema_low,,57,2,55,3.51,-12447.55,-218.38,0.246,-12447.55,1.04,2,55
1d,next_open,800.0,50.0,fixed_rr,3.0,57,11,46,19.3,-12579.5,-220.69,0.658,-18400.0,0.58,10,46
1d,next_open,800.0,100.0,fixed_rr,3.0,57,11,46,19.3,-12579.5,-220.69,0.658,-18400.0,0.58,10,46
1d,next_open,800.0,150.0,fixed_rr,3.0,57,11,46,19.3,-12579.5,-220.69,0.658,-18400.0,0.58,10,46
1d,next_open,800.0,200.0,fixed_rr,3.0,57,11,46,19.3,-12579.5,-220.69,0.658,-18400.0,0.58,10,46
1d,next_open,800.0,300.0,fixed_rr,3.0,57,11,46,19.3,-12579.5,-220.69,0.658,-18400.0,0.58,10,46
1d,next_open,800.0,400.0,fixed_rr,3.0,57,11,46,19.3,-12579.5,-220.69,0.658,-18400.0,0.58,10,46
1d,signal_close,800.0,50.0,fixed_rr,3.0,57,11,46,19.3,-12588.5,-220.85,0.658,-18400.0,1.58,10,46
1d,signal_close,800.0,100.0,fixed_rr,3.0,57,11,46,19.3,-12588.5,-220.85,0.658,-18400.0,1.58,10,46
1d,signal_close,800.0,150.0,fixed_rr,3.0,57,11,46,19.3,-12588.5,-220.85,0.658,-18400.0,1.58,10,46
1d,signal_close,800.0,200.0,fixed_rr,3.0,57,11,46,19.3,-12588.5,-220.85,0.658,-18400.0,1.58,10,46
1d,signal_close,800.0,300.0,fixed_rr,3.0,57,11,46,19.3,-12588.5,-220.85,0.658,-18400.0,1.58,10,46
1d,signal_close,800.0,400.0,fixed_rr,3.0,57,11,46,19.3,-12588.5,-220.85,0.658,-18400.0,1.58,10,46
1d,next_open,300.0,50.0,fixed_rr,2.0,57,5,52,8.77,-12600.0,-221.05,0.192,-13200.0,0.0,5,52
1d,next_open,300.0,100.0,fixed_rr,2.0,57,5,52,8.77,-12600.0,-221.05,0.192,-13200.0,0.0,5,52
1d,next_open,300.0,150.0,fixed_rr,2.0,57,5,52,8.77,-12600.0,-221.05,0.192,-13200.0,0.0,5,52
1d,next_open,300.0,200.0,fixed_rr,2.0,57,5,52,8.77,-12600.0,-221.05,0.192,-13200.0,0.0,5,52
1d,next_open,300.0,300.0,fixed_rr,2.0,57,5,52,8.77,-12600.0,-221.05,0.192,-13200.0,0.0,5,52
1d,next_open,300.0,400.0,fixed_rr,2.0,57,5,52,8.77,-12600.0,-221.05,0.192,-13200.0,0.0,5,52
1d,next_open,400.0,600.0,fixed_rr,2.0,56,8,48,14.29,-12800.0,-228.57,0.333,-13600.0,0.02,8,48
1d,next_open,500.0,600.0,fixed_rr,1.0,56,15,41,26.79,-13000.0,-232.14,0.366,-14000.0,0.09,15,41
1d,next_open,300.0,600.0,fixed_rr,1.5,56,5,51,8.93,-13050.0,-233.04,0.147,-13500.0,0.0,5,51
1d,signal_close,600.0,600.0,fixed_rr,1.0,56,17,39,30.36,-13200.0,-235.71,0.436,-14400.0,1.09,17,39
1d,next_open,600.0,600.0,fixed_rr,1.0,56,17,39,30.36,-13200.0,-235.71,0.436,-14400.0,0.09,17,39
1d,next_open,400.0,50.0,fixed_rr,2.0,57,8,49,14.04,-13200.0,-231.58,0.327,-14000.0,0.02,8,49
1d,next_open,400.0,100.0,fixed_rr,2.0,57,8,49,14.04,-13200.0,-231.58,0.327,-14000.0,0.02,8,49
1d,next_open,400.0,150.0,fixed_rr,2.0,57,8,49,14.04,-13200.0,-231.58,0.327,-14000.0,0.02,8,49
1d,next_open,400.0,200.0,fixed_rr,2.0,57,8,49,14.04,-13200.0,-231.58,0.327,-14000.0,0.02,8,49
1d,next_open,400.0,300.0,fixed_rr,2.0,57,8,49,14.04,-13200.0,-231.58,0.327,-14000.0,0.02,8,49
1d,next_open,400.0,400.0,fixed_rr,2.0,57,8,49,14.04,-13200.0,-231.58,0.327,-14000.0,0.02,8,49
1d,signal_close,300.0,600.0,fixed_rr,3.0,56,3,53,5.36,-13200.0,-235.71,0.17,-13200.0,1.02,3,53
1d,signal_close,300.0,600.0,fixed_rr,2.0,56,4,52,7.14,-13200.0,-235.71,0.154,-13200.0,1.0,4,52
1d,next_open,300.0,50.0,fixed_rr,1.5,57,5,52,8.77,-13350.0,-234.21,0.144,-13800.0,0.0,5,52
1d,next_open,300.0,100.0,fixed_rr,1.5,57,5,52,8.77,-13350.0,-234.21,0.144,-13800.0,0.0,5,52
1d,next_open,300.0,150.0,fixed_rr,1.5,57,5,52,8.77,-13350.0,-234.21,0.144,-13800.0,0.0,5,52
1d,next_open,300.0,200.0,fixed_rr,1.5,57,5,52,8.77,-13350.0,-234.21,0.144,-13800.0,0.0,5,52
1d,next_open,300.0,300.0,fixed_rr,1.5,57,5,52,8.77,-13350.0,-234.21,0.144,-13800.0,0.0,5,52
1d,next_open,300.0,400.0,fixed_rr,1.5,57,5,52,8.77,-13350.0,-234.21,0.144,-13800.0,0.0,5,52
1d,next_open,400.0,600.0,fixed_rr,1.5,56,9,47,16.07,-13400.0,-239.29,0.287,-14000.0,0.0,9,47
1d,next_open,500.0,50.0,fixed_rr,1.0,57,15,42,26.32,-13500.0,-236.84,0.357,-14500.0,0.09,15,42
1d,next_open,500.0,100.0,fixed_rr,1.0,57,15,42,26.32,-13500.0,-236.84,0.357,-14500.0,0.09,15,42
1d,next_open,500.0,150.0,fixed_rr,1.0,57,15,42,26.32,-13500.0,-236.84,0.357,-14500.0,0.09,15,42
1d,next_open,500.0,200.0,fixed_rr,1.0,57,15,42,26.32,-13500.0,-236.84,0.357,-14500.0,0.09,15,42
1d,next_open,500.0,300.0,fixed_rr,1.0,57,15,42,26.32,-13500.0,-236.84,0.357,-14500.0,0.09,15,42
1d,next_open,500.0,400.0,fixed_rr,1.0,57,15,42,26.32,-13500.0,-236.84,0.357,-14500.0,0.09,15,42
1d,signal_close,300.0,50.0,fixed_rr,3.0,57,3,54,5.26,-13500.0,-236.84,0.167,-13500.0,1.02,3,54
1d,signal_close,300.0,100.0,fixed_rr,3.0,57,3,54,5.26,-13500.0,-236.84,0.167,-13500.0,1.02,3,54
1d,signal_close,300.0,150.0,fixed_rr,3.0,57,3,54,5.26,-13500.0,-236.84,0.167,-13500.0,1.02,3,54
1d,signal_close,300.0,200.0,fixed_rr,3.0,57,3,54,5.26,-13500.0,-236.84,0.167,-13500.0,1.02,3,54
1d,signal_close,300.0,300.0,fixed_rr,3.0,57,3,54,5.26,-13500.0,-236.84,0.167,-13500.0,1.02,3,54
1d,signal_close,300.0,400.0,fixed_rr,3.0,57,3,54,5.26,-13500.0,-236.84,0.167,-13500.0,1.02,3,54
1d,signal_close,300.0,50.0,fixed_rr,2.0,57,4,53,7.02,-13500.0,-236.84,0.151,-13500.0,1.0,4,53
1d,signal_close,300.0,100.0,fixed_rr,2.0,57,4,53,7.02,-13500.0,-236.84,0.151,-13500.0,1.0,4,53
1d,signal_close,300.0,150.0,fixed_rr,2.0,57,4,53,7.02,-13500.0,-236.84,0.151,-13500.0,1.0,4,53
1d,signal_close,300.0,200.0,fixed_rr,2.0,57,4,53,7.02,-13500.0,-236.84,0.151,-13500.0,1.0,4,53
1d,signal_close,300.0,300.0,fixed_rr,2.0,57,4,53,7.02,-13500.0,-236.84,0.151,-13500.0,1.0,4,53
1d,signal_close,300.0,400.0,fixed_rr,2.0,57,4,53,7.02,-13500.0,-236.84,0.151,-13500.0,1.0,4,53
1d,signal_close,600.0,50.0,fixed_rr,1.0,57,17,40,29.82,-13800.0,-242.11,0.425,-15000.0,1.09,17,40
1d,signal_close,600.0,100.0,fixed_rr,1.0,57,17,40,29.82,-13800.0,-242.11,0.425,-15000.0,1.09,17,40
1d,signal_close,600.0,150.0,fixed_rr,1.0,57,17,40,29.82,-13800.0,-242.11,0.425,-15000.0,1.09,17,40
1d,signal_close,600.0,200.0,fixed_rr,1.0,57,17,40,29.82,-13800.0,-242.11,0.425,-15000.0,1.09,17,40
1d,signal_close,600.0,300.0,fixed_rr,1.0,57,17,40,29.82,-13800.0,-242.11,0.425,-15000.0,1.09,17,40
1d,signal_close,600.0,400.0,fixed_rr,1.0,57,17,40,29.82,-13800.0,-242.11,0.425,-15000.0,1.09,17,40
1d,next_open,600.0,50.0,fixed_rr,1.0,57,17,40,29.82,-13800.0,-242.11,0.425,-15000.0,0.09,17,40
1d,next_open,600.0,100.0,fixed_rr,1.0,57,17,40,29.82,-13800.0,-242.11,0.425,-15000.0,0.09,17,40
1d,next_open,600.0,150.0,fixed_rr,1.0,57,17,40,29.82,-13800.0,-242.11,0.425,-15000.0,0.09,17,40
1d,next_open,600.0,200.0,fixed_rr,1.0,57,17,40,29.82,-13800.0,-242.11,0.425,-15000.0,0.09,17,40
1d,next_open,600.0,300.0,fixed_rr,1.0,57,17,40,29.82,-13800.0,-242.11,0.425,-15000.0,0.09,17,40
1d,next_open,600.0,400.0,fixed_rr,1.0,57,17,40,29.82,-13800.0,-242.11,0.425,-15000.0,0.09,17,40
1d,next_open,400.0,50.0,fixed_rr,1.5,57,9,48,15.79,-13800.0,-242.11,0.281,-14400.0,0.0,9,48
1d,next_open,400.0,100.0,fixed_rr,1.5,57,9,48,15.79,-13800.0,-242.11,0.281,-14400.0,0.0,9,48
1d,next_open,400.0,150.0,fixed_rr,1.5,57,9,48,15.79,-13800.0,-242.11,0.281,-14400.0,0.0,9,48
1d,next_open,400.0,200.0,fixed_rr,1.5,57,9,48,15.79,-13800.0,-242.11,0.281,-14400.0,0.0,9,48
1d,next_open,400.0,300.0,fixed_rr,1.5,57,9,48,15.79,-13800.0,-242.11,0.281,-14400.0,0.0,9,48
1d,next_open,400.0,400.0,fixed_rr,1.5,57,9,48,15.79,-13800.0,-242.11,0.281,-14400.0,0.0,9,48
1d,signal_close,300.0,600.0,fixed_rr,1.5,56,4,52,7.14,-13800.0,-246.43,0.115,-13800.0,1.0,4,52
1d,next_open,300.0,600.0,fixed_rr,1.0,56,5,51,8.93,-13800.0,-246.43,0.098,-14100.0,0.0,5,51
1d,signal_close,500.0,600.0,fixed_rr,1.0,56,14,42,25.0,-14000.0,-250.0,0.333,-14500.0,1.09,14,42
1d,signal_close,400.0,600.0,fixed_rr,2.0,56,7,49,12.5,-14000.0,-250.0,0.286,-14000.0,1.02,7,49
1d,signal_close,300.0,50.0,fixed_rr,1.5,57,4,53,7.02,-14100.0,-247.37,0.113,-14100.0,1.0,4,53
1d,signal_close,300.0,100.0,fixed_rr,1.5,57,4,53,7.02,-14100.0,-247.37,0.113,-14100.0,1.0,4,53
1d,signal_close,300.0,150.0,fixed_rr,1.5,57,4,53,7.02,-14100.0,-247.37,0.113,-14100.0,1.0,4,53
1d,signal_close,300.0,200.0,fixed_rr,1.5,57,4,53,7.02,-14100.0,-247.37,0.113,-14100.0,1.0,4,53
1d,signal_close,300.0,300.0,fixed_rr,1.5,57,4,53,7.02,-14100.0,-247.37,0.113,-14100.0,1.0,4,53
1d,signal_close,300.0,400.0,fixed_rr,1.5,57,4,53,7.02,-14100.0,-247.37,0.113,-14100.0,1.0,4,53
1d,next_open,300.0,50.0,fixed_rr,1.0,57,5,52,8.77,-14100.0,-247.37,0.096,-14400.0,0.0,5,52
1d,next_open,300.0,100.0,fixed_rr,1.0,57,5,52,8.77,-14100.0,-247.37,0.096,-14400.0,0.0,5,52
1d,next_open,300.0,150.0,fixed_rr,1.0,57,5,52,8.77,-14100.0,-247.37,0.096,-14400.0,0.0,5,52
1d,next_open,300.0,200.0,fixed_rr,1.0,57,5,52,8.77,-14100.0,-247.37,0.096,-14400.0,0.0,5,52
1d,next_open,300.0,300.0,fixed_rr,1.0,57,5,52,8.77,-14100.0,-247.37,0.096,-14400.0,0.0,5,52
1d,next_open,300.0,400.0,fixed_rr,1.0,57,5,52,8.77,-14100.0,-247.37,0.096,-14400.0,0.0,5,52
1d,signal_close,400.0,50.0,fixed_rr,2.0,57,7,50,12.28,-14400.0,-252.63,0.28,-14400.0,1.02,7,50
1d,signal_close,400.0,100.0,fixed_rr,2.0,57,7,50,12.28,-14400.0,-252.63,0.28,-14400.0,1.02,7,50
1d,signal_close,400.0,150.0,fixed_rr,2.0,57,7,50,12.28,-14400.0,-252.63,0.28,-14400.0,1.02,7,50
1d,signal_close,400.0,200.0,fixed_rr,2.0,57,7,50,12.28,-14400.0,-252.63,0.28,-14400.0,1.02,7,50
1d,signal_close,400.0,300.0,fixed_rr,2.0,57,7,50,12.28,-14400.0,-252.63,0.28,-14400.0,1.02,7,50
1d,signal_close,400.0,400.0,fixed_rr,2.0,57,7,50,12.28,-14400.0,-252.63,0.28,-14400.0,1.02,7,50
1d,signal_close,400.0,600.0,fixed_rr,1.5,56,8,48,14.29,-14400.0,-257.14,0.25,-14400.0,1.0,8,48
1d,signal_close,300.0,600.0,fixed_rr,1.0,56,4,52,7.14,-14400.0,-257.14,0.077,-14400.0,1.0,4,52
1d,signal_close,500.0,50.0,fixed_rr,1.0,57,14,43,24.56,-14500.0,-254.39,0.326,-15000.0,1.09,14,43
1d,signal_close,500.0,100.0,fixed_rr,1.0,57,14,43,24.56,-14500.0,-254.39,0.326,-15000.0,1.09,14,43
1d,signal_close,500.0,150.0,fixed_rr,1.0,57,14,43,24.56,-14500.0,-254.39,0.326,-15000.0,1.09,14,43
1d,signal_close,500.0,200.0,fixed_rr,1.0,57,14,43,24.56,-14500.0,-254.39,0.326,-15000.0,1.09,14,43
1d,signal_close,500.0,300.0,fixed_rr,1.0,57,14,43,24.56,-14500.0,-254.39,0.326,-15000.0,1.09,14,43
1d,signal_close,500.0,400.0,fixed_rr,1.0,57,14,43,24.56,-14500.0,-254.39,0.326,-15000.0,1.09,14,43
1d,signal_close,300.0,50.0,fixed_rr,1.0,57,4,53,7.02,-14700.0,-257.89,0.075,-14700.0,1.0,4,53
1d,signal_close,300.0,100.0,fixed_rr,1.0,57,4,53,7.02,-14700.0,-257.89,0.075,-14700.0,1.0,4,53
1d,signal_close,300.0,150.0,fixed_rr,1.0,57,4,53,7.02,-14700.0,-257.89,0.075,-14700.0,1.0,4,53
1d,signal_close,300.0,200.0,fixed_rr,1.0,57,4,53,7.02,-14700.0,-257.89,0.075,-14700.0,1.0,4,53
1d,signal_close,300.0,300.0,fixed_rr,1.0,57,4,53,7.02,-14700.0,-257.89,0.075,-14700.0,1.0,4,53
1d,signal_close,300.0,400.0,fixed_rr,1.0,57,4,53,7.02,-14700.0,-257.89,0.075,-14700.0,1.0,4,53
1d,signal_close,400.0,50.0,fixed_rr,1.5,57,8,49,14.04,-14800.0,-259.65,0.245,-14800.0,1.0,8,49
1d,signal_close,400.0,100.0,fixed_rr,1.5,57,8,49,14.04,-14800.0,-259.65,0.245,-14800.0,1.0,8,49
1d,signal_close,400.0,150.0,fixed_rr,1.5,57,8,49,14.04,-14800.0,-259.65,0.245,-14800.0,1.0,8,49
1d,signal_close,400.0,200.0,fixed_rr,1.5,57,8,49,14.04,-14800.0,-259.65,0.245,-14800.0,1.0,8,49
1d,signal_close,400.0,300.0,fixed_rr,1.5,57,8,49,14.04,-14800.0,-259.65,0.245,-14800.0,1.0,8,49
1d,signal_close,400.0,400.0,fixed_rr,1.5,57,8,49,14.04,-14800.0,-259.65,0.245,-14800.0,1.0,8,49
1d,next_open,400.0,600.0,fixed_rr,1.0,56,9,47,16.07,-15200.0,-271.43,0.191,-15600.0,0.0,9,47
1d,next_open,400.0,50.0,fixed_rr,1.0,57,9,48,15.79,-15600.0,-273.68,0.188,-16000.0,0.0,9,48
1d,next_open,400.0,100.0,fixed_rr,1.0,57,9,48,15.79,-15600.0,-273.68,0.188,-16000.0,0.0,9,48
1d,next_open,400.0,150.0,fixed_rr,1.0,57,9,48,15.79,-15600.0,-273.68,0.188,-16000.0,0.0,9,48
1d,next_open,400.0,200.0,fixed_rr,1.0,57,9,48,15.79,-15600.0,-273.68,0.188,-16000.0,0.0,9,48
1d,next_open,400.0,300.0,fixed_rr,1.0,57,9,48,15.79,-15600.0,-273.68,0.188,-16000.0,0.0,9,48
1d,next_open,400.0,400.0,fixed_rr,1.0,57,9,48,15.79,-15600.0,-273.68,0.188,-16000.0,0.0,9,48
1d,signal_close,400.0,600.0,fixed_rr,1.0,56,8,48,14.29,-16000.0,-285.71,0.167,-16000.0,1.0,8,48
1d,signal_close,400.0,50.0,fixed_rr,1.0,57,8,49,14.04,-16400.0,-287.72,0.163,-16400.0,1.0,8,49
1d,signal_close,400.0,100.0,fixed_rr,1.0,57,8,49,14.04,-16400.0,-287.72,0.163,-16400.0,1.0,8,49
1d,signal_close,400.0,150.0,fixed_rr,1.0,57,8,49,14.04,-16400.0,-287.72,0.163,-16400.0,1.0,8,49
1d,signal_close,400.0,200.0,fixed_rr,1.0,57,8,49,14.04,-16400.0,-287.72,0.163,-16400.0,1.0,8,49
1d,signal_close,400.0,300.0,fixed_rr,1.0,57,8,49,14.04,-16400.0,-287.72,0.163,-16400.0,1.0,8,49
1d,signal_close,400.0,400.0,fixed_rr,1.0,57,8,49,14.04,-16400.0,-287.72,0.163,-16400.0,1.0,8,49
