timestamp,datetime,open,high,low,close,volume
1703808000,2023-12-29 00:00:00+00:00,42773.0,42773.0,42773.0,42773.0,10.0
1703894400,2023-12-30 00:00:00+00:00,42773.0,42773.0,42773.0,42773.0,0.0
1703980800,2023-12-31 00:00:00+00:00,42773.0,42773.0,42773.0,42773.0,0.0
1704067200,2024-01-01 00:00:00+00:00,42773.0,42773.0,42773.0,42773.0,0.0
1704153600,2024-01-02 00:00:00+00:00,42773.0,42773.0,42773.0,42773.0,0.0
1704240000,2024-01-03 00:00:00+00:00,42773.0,42773.0,42773.0,42773.0,0.0
1704326400,2024-01-04 00:00:00+00:00,42773.0,42773.0,42773.0,42773.0,0.0
1704412800,2024-01-05 00:00:00+00:00,42773.0,42773.0,42773.0,42773.0,0.0
1704499200,2024-01-06 00:00:00+00:00,42773.0,42773.0,42773.0,42773.0,0.0
1704585600,2024-01-07 00:00:00+00:00,42773.0,42773.0,42773.0,42773.0,0.0
1704672000,2024-01-08 00:00:00+00:00,42773.0,42773.0,42773.0,42773.0,0.0
1704758400,2024-01-09 00:00:00+00:00,42773.0,42773.0,42773.0,42773.0,0.0
1704844800,2024-01-10 00:00:00+00:00,45683.0,45683.0,45683.0,45683.0,9.0
1704931200,2024-01-11 00:00:00+00:00,45708.5,45708.5,45708.5,45708.5,1.0
1705017600,2024-01-12 00:00:00+00:00,45708.5,45708.5,45708.5,45708.5,0.0
1705104000,2024-01-13 00:00:00+00:00,45708.5,45708.5,45708.5,45708.5,0.0
1705190400,2024-01-14 00:00:00+00:00,45708.5,45708.5,45708.5,45708.5,0.0
1705276800,2024-01-15 00:00:00+00:00,45708.5,45708.5,45708.5,45708.5,0.0
1705363200,2024-01-16 00:00:00+00:00,42950.0,43024.5,42943.0,42943.0,30.0
1705449600,2024-01-17 00:00:00+00:00,42680.5,42730.0,42673.0,42722.5,411.0
1705536000,2024-01-18 00:00:00+00:00,42722.5,42722.5,42722.5,42722.5,0.0
1705622400,2024-01-19 00:00:00+00:00,41198.0,41198.0,41194.0,41194.0,60.0
1705708800,2024-01-20 00:00:00+00:00,41194.0,41194.0,41194.0,41194.0,0.0
1705795200,2024-01-21 00:00:00+00:00,41194.0,41194.0,41194.0,41194.0,0.0
1705881600,2024-01-22 00:00:00+00:00,41194.0,41194.0,41194.0,41194.0,0.0
1705968000,2024-01-23 00:00:00+00:00,38979.0,38979.0,38979.0,38979.0,1.0
1706054400,2024-01-24 00:00:00+00:00,39808.0,40240.0,39808.0,40048.0,93.0
1706140800,2024-01-25 00:00:00+00:00,40090.5,40090.5,40090.5,40090.5,21.0
1706227200,2024-01-26 00:00:00+00:00,42143.5,42143.5,42143.5,42143.5,22.0
1706313600,2024-01-27 00:00:00+00:00,42143.5,42143.5,42143.5,42143.5,0.0
1706400000,2024-01-28 00:00:00+00:00,42143.5,42143.5,42143.5,42143.5,0.0
1706486400,2024-01-29 00:00:00+00:00,42211.5,42366.0,42000.0,42366.0,23.0
1706572800,2024-01-30 00:00:00+00:00,43418.5,43418.5,43418.5,43418.5,100.0
1706659200,2024-01-31 00:00:00+00:00,43040.0,43040.0,42440.0,42632.5,176.0
1706745600,2024-02-01 00:00:00+00:00,42220.0,42945.0,42220.0,42582.0,287.0
1706832000,2024-02-02 00:00:00+00:00,43003.5,43468.0,42559.5,43204.5,2318.0
1706918400,2024-02-03 00:00:00+00:00,43214.0,43384.5,42889.5,43019.0,3027.0
1707004800,2024-02-04 00:00:00+00:00,43010.0,43118.0,42352.5,42594.0,3036.0
1707091200,2024-02-05 00:00:00+00:00,42583.0,43542.5,42286.5,42713.5,3045.0
1707177600,2024-02-06 00:00:00+00:00,42717.0,43394.0,42580.0,43104.0,3494.0
1707264000,2024-02-07 00:00:00+00:00,43093.5,44374.0,42805.0,44361.5,3842.0
1707350400,2024-02-08 00:00:00+00:00,44394.0,45610.0,44349.0,45290.0,3038.0
1707436800,2024-02-09 00:00:00+00:00,45322.5,48204.5,45250.5,47136.5,3038.0
1707523200,2024-02-10 00:00:00+00:00,47160.0,48146.0,46859.5,47764.0,3144.0
1707609600,2024-02-11 00:00:00+00:00,47775.0,48579.5,47579.5,48320.5,3159.0
1707696000,2024-02-12 00:00:00+00:00,48319.0,50367.0,47734.5,49950.5,3342.0
1707782400,2024-02-13 00:00:00+00:00,49951.5,50348.5,48389.0,49692.5,2721.0
1707868800,2024-02-14 00:00:00+00:00,49705.5,52067.5,49235.5,51764.5,2819.0
1707955200,2024-02-15 00:00:00+00:00,51798.5,52804.0,51341.5,51902.0,2841.0
1708041600,2024-02-16 00:00:00+00:00,51910.0,52572.0,51619.0,52134.5,3011.0
1708128000,2024-02-17 00:00:00+00:00,52138.5,52181.0,50657.0,51659.0,2813.0
1708214400,2024-02-18 00:00:00+00:00,51677.5,52421.0,51207.5,52166.0,2958.0
1708300800,2024-02-19 00:00:00+00:00,52166.0,52499.5,51941.0,52077.5,1531.0
1708387200,2024-02-20 00:00:00+00:00,51912.0,52270.5,51468.0,51468.0,6.0
1708473600,2024-02-21 00:00:00+00:00,51972.0,51972.0,50677.0,51856.5,1842.0
1708560000,2024-02-22 00:00:00+00:00,51876.5,52065.0,50954.5,51298.0,3519.0
1708646400,2024-02-23 00:00:00+00:00,51315.5,51556.5,50544.5,50746.5,5081.0
1708732800,2024-02-24 00:00:00+00:00,50761.0,51725.5,50606.5,51578.5,3072.0
1708819200,2024-02-25 00:00:00+00:00,51566.5,51989.5,51311.0,51732.5,3230.0
1708905600,2024-02-26 00:00:00+00:00,51747.0,54935.5,50922.0,54505.5,3363.0
1708992000,2024-02-27 00:00:00+00:00,54495.5,57634.5,54476.0,57063.0,3017.0
1709078400,2024-02-28 00:00:00+00:00,57061.5,64453.5,56709.0,62452.0,3079.0
1709164800,2024-02-29 00:00:00+00:00,62422.0,63670.5,60495.0,61204.0,2810.0
1709251200,2024-03-01 00:00:00+00:00,61222.0,63140.5,60826.0,62406.5,2795.0
1709337600,2024-03-02 00:00:00+00:00,62413.0,62461.0,61573.5,62008.0,3794.0
1709424000,2024-03-03 00:00:00+00:00,61961.5,63302.0,61375.5,63159.5,4236.0
1709510400,2024-03-04 00:00:00+00:00,63184.5,68572.5,62556.5,68357.5,5501.0
1709596800,2024-03-05 00:00:00+00:00,68209.0,69181.0,59845.5,63770.5,7554.0
1709683200,2024-03-06 00:00:00+00:00,63769.0,67669.0,62819.0,66057.0,4837.0
1709769600,2024-03-07 00:00:00+00:00,66057.5,68008.5,65642.5,66844.5,4461.0
1709856000,2024-03-08 00:00:00+00:00,66852.5,70278.0,66150.5,68139.0,9247.0
1709942400,2024-03-09 00:00:00+00:00,68145.5,68567.0,67895.0,68346.0,4464.0
1710028800,2024-03-10 00:00:00+00:00,68374.5,69967.0,68131.0,68947.5,5958.0
1710115200,2024-03-11 00:00:00+00:00,68955.0,72815.5,66981.0,72124.0,10160.0
1710201600,2024-03-12 00:00:00+00:00,72180.0,73100.5,68745.5,71496.0,10626.0
1710288000,2024-03-13 00:00:00+00:00,71496.0,73643.5,71362.5,73096.0,4233.0
1710374400,2024-03-14 00:00:00+00:00,73086.5,73812.5,68685.0,71409.0,5647.0
1710460800,2024-03-15 00:00:00+00:00,71407.5,72350.5,65879.5,69516.0,7794.0
1710547200,2024-03-16 00:00:00+00:00,69481.5,70087.5,64900.5,65342.5,10720.0
1710633600,2024-03-17 00:00:00+00:00,65473.5,68895.0,64654.0,68415.5,18225.0
1710720000,2024-03-18 00:00:00+00:00,68411.5,68965.0,66571.0,67739.0,29772.0
1710806400,2024-03-19 00:00:00+00:00,67604.5,68132.0,61609.0,62246.5,44830.0
1710892800,2024-03-20 00:00:00+00:00,62014.0,68136.5,60811.0,67870.0,49083.0
1710979200,2024-03-21 00:00:00+00:00,67886.0,68207.5,64551.5,65517.5,52846.0
1711065600,2024-03-22 00:00:00+00:00,65513.0,66654.0,62333.0,63793.0,83000.0
1711152000,2024-03-23 00:00:00+00:00,63724.5,66025.0,63023.5,64010.0,111938.0
1711238400,2024-03-24 00:00:00+00:00,63970.0,67606.0,63789.5,67244.5,145782.0
1711324800,2024-03-25 00:00:00+00:00,67279.5,71179.5,66412.5,69902.5,238180.0
1711411200,2024-03-26 00:00:00+00:00,69943.0,71606.5,69347.5,69996.0,307544.0
1711497600,2024-03-27 00:00:00+00:00,70015.0,71819.5,68424.5,69513.5,423269.0
1711584000,2024-03-28 00:00:00+00:00,69572.0,71582.5,68933.5,70782.5,259597.0
1711670400,2024-03-29 00:00:00+00:00,70833.0,70946.5,69059.5,69896.5,404865.0
1711756800,2024-03-30 00:00:00+00:00,69863.5,70353.5,69566.5,69613.0,265573.0
1711843200,2024-03-31 00:00:00+00:00,69608.5,71431.5,69607.5,71342.5,248442.0
1711929600,2024-04-01 00:00:00+00:00,71284.0,71299.5,68057.5,69705.0,398720.0
1712016000,2024-04-02 00:00:00+00:00,69684.0,69684.0,64581.0,65463.5,507156.0
1712102400,2024-04-03 00:00:00+00:00,65470.0,66940.0,64490.5,65978.0,492822.0
1712188800,2024-04-04 00:00:00+00:00,65980.0,69342.5,65083.5,68513.0,504937.0
1712275200,2024-04-05 00:00:00+00:00,68519.0,68765.0,65960.0,67845.5,890409.0
1712361600,2024-04-06 00:00:00+00:00,67846.5,69738.0,67476.5,68910.0,735193.0
1712448000,2024-04-07 00:00:00+00:00,68933.0,70352.5,68850.0,69381.0,824389.0
1712534400,2024-04-08 00:00:00+00:00,69372.0,72823.5,69081.0,71667.0,913955.0
1712620800,2024-04-09 00:00:00+00:00,71669.0,71791.5,68207.0,69168.5,972855.0
1712707200,2024-04-10 00:00:00+00:00,69164.5,71213.5,67523.0,70667.5,1006267.0
1712793600,2024-04-11 00:00:00+00:00,70677.0,71323.5,69565.5,70025.0,1090445.0
1712880000,2024-04-12 00:00:00+00:00,70024.0,71270.0,64828.0,67173.5,1134619.0
1712966400,2024-04-13 00:00:00+00:00,67139.0,67955.5,60040.5,63950.0,1293278.0
1713052800,2024-04-14 00:00:00+00:00,63897.0,65870.0,62163.0,65683.5,1489051.0
1713139200,2024-04-15 00:00:00+00:00,65649.5,66876.5,62281.0,63422.0,1245722.0
1713225600,2024-04-16 00:00:00+00:00,63357.5,64360.5,61590.0,63792.0,1437972.0
1713312000,2024-04-17 00:00:00+00:00,63764.5,64521.0,59645.0,61300.0,1996963.0
1713398400,2024-04-18 00:00:00+00:00,61291.5,64140.0,60810.5,63487.5,1290739.0
1713484800,2024-04-19 00:00:00+00:00,63432.5,65450.0,59597.5,63826.0,1904821.0
1713571200,2024-04-20 00:00:00+00:00,63826.0,65434.5,63136.5,64941.5,1422241.0
1713657600,2024-04-21 00:00:00+00:00,64945.5,65726.0,64240.0,64951.0,1264262.0
1713744000,2024-04-22 00:00:00+00:00,64950.0,67262.0,64525.0,66839.5,1286373.0
1713830400,2024-04-23 00:00:00+00:00,66828.5,67193.5,65824.5,66431.0,1111109.0
1713916800,2024-04-24 00:00:00+00:00,66426.0,67102.5,63632.0,64317.0,1472514.0
1714003200,2024-04-25 00:00:00+00:00,64293.5,65307.5,62792.5,64518.0,1487190.0
1714089600,2024-04-26 00:00:00+00:00,64515.5,64836.5,63332.5,63786.5,1151398.0
1714176000,2024-04-27 00:00:00+00:00,63787.0,63944.0,62381.5,63465.0,1209157.0
1714262400,2024-04-28 00:00:00+00:00,63464.0,64400.0,62787.5,63138.5,799140.0
1714348800,2024-04-29 00:00:00+00:00,63138.0,64249.0,61801.0,63877.0,1019550.0
1714435200,2024-04-30 00:00:00+00:00,63899.5,64757.0,59192.0,60710.5,1599504.0
1714521600,2024-05-01 00:00:00+00:00,60697.5,60867.0,56561.0,58334.0,2996008.0
1714608000,2024-05-02 00:00:00+00:00,58346.5,59658.5,56968.5,59063.0,1522648.0
1714694400,2024-05-03 00:00:00+00:00,59074.5,63362.0,58835.0,62873.0,1849859.0
1714780800,2024-05-04 00:00:00+00:00,62876.0,64551.0,62566.0,63898.5,1820173.0
1714867200,2024-05-05 00:00:00+00:00,63908.5,64679.0,62890.0,64023.5,1273958.0
1714953600,2024-05-06 00:00:00+00:00,64033.5,65544.0,62704.0,63180.5,1599065.0
1715040000,2024-05-07 00:00:00+00:00,63179.5,64426.0,62268.5,62343.5,1215868.0
1715126400,2024-05-08 00:00:00+00:00,62307.5,63054.5,60905.5,61213.5,1390509.0
1715212800,2024-05-09 00:00:00+00:00,61200.0,63442.0,60644.0,63078.5,1152547.0
1715299200,2024-05-10 00:00:00+00:00,63077.5,63487.0,60200.0,60822.5,1415864.0
1715385600,2024-05-11 00:00:00+00:00,60824.0,61542.5,60482.0,60834.0,989867.0
1715472000,2024-05-12 00:00:00+00:00,60834.0,61887.0,60610.5,61487.5,871227.0
1715558400,2024-05-13 00:00:00+00:00,61485.5,63482.0,60767.5,62945.0,1090830.0
1715644800,2024-05-14 00:00:00+00:00,62946.0,63129.0,61130.0,61576.5,1067933.0
1715731200,2024-05-15 00:00:00+00:00,61577.5,66477.0,61347.0,66238.0,1200199.0
1715817600,2024-05-16 00:00:00+00:00,66236.0,66809.0,64627.5,65255.5,1112009.0
1715904000,2024-05-17 00:00:00+00:00,65255.5,67463.5,65114.0,67037.0,1049981.0
1715990400,2024-05-18 00:00:00+00:00,67021.0,67380.0,66592.0,66930.5,730213.0
1716076800,2024-05-19 00:00:00+00:00,66924.0,67777.0,65900.0,66286.0,834916.0
1716163200,2024-05-20 00:00:00+00:00,66284.0,71659.5,66085.0,71495.5,1428970.0
1716249600,2024-05-21 00:00:00+00:00,71495.5,72074.0,69193.5,70147.0,1091166.0
1716336000,2024-05-22 00:00:00+00:00,70161.5,70702.0,68906.5,69196.5,933949.0
1716422400,2024-05-23 00:00:00+00:00,69227.5,70125.0,66280.0,67967.5,1026833.0
1716508800,2024-05-24 00:00:00+00:00,67971.5,69278.5,66630.0,68563.0,857454.0
1716595200,2024-05-25 00:00:00+00:00,68577.0,69636.5,68519.5,69314.0,611832.0
1716681600,2024-05-26 00:00:00+00:00,69314.0,69588.5,68179.0,68531.5,568569.0
1716768000,2024-05-27 00:00:00+00:00,68527.0,70755.5,68268.0,69428.0,701460.0
1716854400,2024-05-28 00:00:00+00:00,69424.5,69615.5,67295.5,68399.5,930770.0
1716940800,2024-05-29 00:00:00+00:00,68422.0,68962.0,67150.0,67681.0,668273.0
1717027200,2024-05-30 00:00:00+00:00,67662.0,69534.5,67149.5,68370.5,916463.0
1717113600,2024-05-31 00:00:00+00:00,68380.0,69065.5,66678.0,67564.5,968744.0
1717200000,2024-06-01 00:00:00+00:00,67574.5,67913.0,67458.0,67791.0,436164.0
1717286400,2024-06-02 00:00:00+00:00,67787.0,68504.0,67313.0,67781.0,608209.0
1717372800,2024-06-03 00:00:00+00:00,67778.0,70315.0,67631.5,68822.0,1074970.0
1717459200,2024-06-04 00:00:00+00:00,68820.0,71090.5,68585.5,70557.5,970852.0
1717545600,2024-06-05 00:00:00+00:00,70613.5,71791.5,70416.0,71135.0,988792.0
1717632000,2024-06-06 00:00:00+00:00,71144.5,71680.5,70140.0,70839.5,766141.0
1717718400,2024-06-07 00:00:00+00:00,70817.0,72025.0,68328.5,69366.5,1186303.0
1717804800,2024-06-08 00:00:00+00:00,69312.0,69594.0,69175.5,69323.5,418351.0
1717891200,2024-06-09 00:00:00+00:00,69319.0,69855.0,69142.0,69664.5,518483.0
1717977600,2024-06-10 00:00:00+00:00,69650.5,70198.0,69186.0,69556.5,696604.0
1718064000,2024-06-11 00:00:00+00:00,69555.5,69596.5,66005.5,67320.5,1182757.0
1718150400,2024-06-12 00:00:00+00:00,67307.0,70024.0,66903.0,68266.5,1342491.0
1718236800,2024-06-13 00:00:00+00:00,68303.5,68486.5,66276.5,66801.5,1246453.0
1718323200,2024-06-14 00:00:00+00:00,66839.5,67392.0,65078.5,66057.5,1278811.0
1718409600,2024-06-15 00:00:00+00:00,66062.5,66503.5,65869.5,66229.0,689519.0
1718496000,2024-06-16 00:00:00+00:00,66218.0,66993.0,66049.0,66696.0,647933.0
1718582400,2024-06-17 00:00:00+00:00,66696.0,67316.0,65139.0,66502.0,1733882.0
1718668800,2024-06-18 00:00:00+00:00,66523.0,66584.5,64060.0,65176.0,1509773.0
1718755200,2024-06-19 00:00:00+00:00,65213.0,65741.0,64697.5,65018.5,999942.0
1718841600,2024-06-20 00:00:00+00:00,64973.0,66497.5,64580.5,64900.0,1428240.0
1718928000,2024-06-21 00:00:00+00:00,64901.0,65096.5,63400.0,64150.0,997221.0
1719014400,2024-06-22 00:00:00+00:00,64164.5,64548.0,63953.0,64292.0,458235.0
1719100800,2024-06-23 00:00:00+00:00,64278.5,64542.5,63148.0,63213.0,629949.0
1719187200,2024-06-24 00:00:00+00:00,63176.5,63384.0,58363.0,60297.0,1919761.0
1719273600,2024-06-25 00:00:00+00:00,60304.0,62429.0,60256.0,61799.5,1507416.0
1719360000,2024-06-26 00:00:00+00:00,61800.5,62478.0,60712.0,60864.5,1178731.0
1719446400,2024-06-27 00:00:00+00:00,60879.0,62391.5,60618.5,61697.5,1187131.0
1719532800,2024-06-28 00:00:00+00:00,61699.5,62212.5,60061.5,60448.5,1194759.0
1719619200,2024-06-29 00:00:00+00:00,60456.5,61250.0,60426.0,60990.0,754563.0
1719705600,2024-06-30 00:00:00+00:00,61012.5,63063.0,60723.0,62773.5,1149493.0
1719792000,2024-07-01 00:00:00+00:00,62800.0,63868.0,62531.5,62928.0,1472353.0
1719878400,2024-07-02 00:00:00+00:00,62901.0,63303.0,61818.5,62142.0,1267632.0
1719964800,2024-07-03 00:00:00+00:00,62127.0,62297.0,59385.0,60226.5,1564212.0
1720051200,2024-07-04 00:00:00+00:00,60230.5,60518.0,56691.0,57062.5,2385571.0
1720137600,2024-07-05 00:00:00+00:00,57033.0,57550.0,53400.0,56611.0,2671788.0
1720224000,2024-07-06 00:00:00+00:00,56622.0,58480.5,56017.5,58244.5,1895777.0
1720310400,2024-07-07 00:00:00+00:00,58290.5,58444.5,55710.0,55854.5,2528404.0
1720396800,2024-07-08 00:00:00+00:00,55817.0,58216.5,54282.0,56720.0,2835187.0
1720483200,2024-07-09 00:00:00+00:00,56702.0,58312.5,56286.0,58029.5,1920178.0
1720569600,2024-07-10 00:00:00+00:00,58026.0,59464.0,57162.5,57730.0,1892355.0
1720656000,2024-07-11 00:00:00+00:00,57704.5,59744.5,57055.0,57332.0,2280144.0
1720742400,2024-07-12 00:00:00+00:00,57326.5,58523.5,56536.5,57880.0,2130275.0
1720828800,2024-07-13 00:00:00+00:00,57912.0,59860.0,57751.0,59195.0,1686439.0
1720915200,2024-07-14 00:00:00+00:00,59214.0,61425.0,59214.0,60801.0,1991111.0
1721001600,2024-07-15 00:00:00+00:00,60782.0,64896.0,60650.0,64722.0,2952674.0
1721088000,2024-07-16 00:00:00+00:00,64721.0,65400.0,62374.5,65022.5,3836296.0
1721174400,2024-07-17 00:00:00+00:00,65018.5,66114.0,63852.0,64083.5,4052806.0
1721260800,2024-07-18 00:00:00+00:00,64078.5,65156.0,63233.0,63987.0,2625544.0
1721347200,2024-07-19 00:00:00+00:00,63985.0,67388.0,63296.0,66655.0,3300685.0
1721433600,2024-07-20 00:00:00+00:00,66663.0,67664.0,66204.0,67122.0,2101666.0
1721520000,2024-07-21 00:00:00+00:00,67136.0,68376.0,65782.5,68166.0,2455913.0
1721606400,2024-07-22 00:00:00+00:00,68152.0,68481.0,66564.5,67526.5,2013556.0
1721692800,2024-07-23 00:00:00+00:00,67525.5,67753.0,65448.5,65946.5,2282676.0
1721779200,2024-07-24 00:00:00+00:00,65956.0,67115.0,65103.0,65390.5,1922385.0
1721865600,2024-07-25 00:00:00+00:00,65392.5,66169.5,63482.0,65796.0,1968478.0
1721952000,2024-07-26 00:00:00+00:00,65814.0,68223.5,65718.0,67911.0,2000280.0
1722038400,2024-07-27 00:00:00+00:00,67925.0,69410.0,66649.0,67903.5,2838227.0
1722124800,2024-07-28 00:00:00+00:00,67883.5,68328.0,67063.5,68234.0,1686868.0
1722211200,2024-07-29 00:00:00+00:00,68239.0,70093.5,66400.0,66777.5,2832345.0
1722297600,2024-07-30 00:00:00+00:00,66746.0,66994.0,65291.5,66179.0,2456418.0
1722384000,2024-07-31 00:00:00+00:00,66164.0,66848.0,64527.5,64634.0,2380343.0
1722470400,2024-08-01 00:00:00+00:00,64626.5,65674.0,62294.0,65357.5,3124016.0
1722556800,2024-08-02 00:00:00+00:00,65361.5,65602.5,61232.0,61508.0,3586064.0
1722643200,2024-08-03 00:00:00+00:00,61505.0,62190.0,59832.5,60681.0,3521106.0
1722729600,2024-08-04 00:00:00+00:00,60684.0,61115.0,57160.5,58162.5,4508252.0
1722816000,2024-08-05 00:00:00+00:00,58143.0,58302.0,48980.0,53994.0,7964026.0
1722902400,2024-08-06 00:00:00+00:00,54028.5,57021.0,53946.0,56020.0,5443011.0
1722988800,2024-08-07 00:00:00+00:00,56000.0,57710.0,54547.0,55116.5,4478880.0
1723075200,2024-08-08 00:00:00+00:00,55117.5,62757.0,54720.0,61695.5,5021657.0
1723161600,2024-08-09 00:00:00+00:00,61700.0,61745.0,59523.0,60820.0,4633036.0
1723248000,2024-08-10 00:00:00+00:00,60830.5,61474.0,60232.0,60916.0,2843722.0
1723334400,2024-08-11 00:00:00+00:00,60918.0,61829.5,58284.0,58700.5,3389907.0
1723420800,2024-08-12 00:00:00+00:00,58696.0,60688.5,57645.0,59348.0,4859795.0
1723507200,2024-08-13 00:00:00+00:00,59348.0,61570.5,58399.0,60587.5,3969821.0
1723593600,2024-08-14 00:00:00+00:00,60573.5,61724.0,58419.5,58680.0,4625069.0
1723680000,2024-08-15 00:00:00+00:00,58678.5,59844.5,55992.0,57548.5,5654042.0
1723766400,2024-08-16 00:00:00+00:00,57538.5,59806.5,57086.5,58879.0,4705931.0
1723852800,2024-08-17 00:00:00+00:00,58878.0,59707.0,58798.5,59491.0,3003696.0
1723939200,2024-08-18 00:00:00+00:00,59496.0,60269.0,58396.0,58413.0,3802636.0
1724025600,2024-08-19 00:00:00+00:00,58416.0,59601.0,57785.5,59435.5,3489457.0
1724112000,2024-08-20 00:00:00+00:00,59433.0,61408.0,58563.0,59011.0,4211056.0
1724198400,2024-08-21 00:00:00+00:00,58988.5,61819.0,58767.0,61143.0,3968059.0
1724284800,2024-08-22 00:00:00+00:00,61143.5,61403.0,59711.0,60358.5,3170340.0
1724371200,2024-08-23 00:00:00+00:00,60374.5,65028.0,60331.0,64045.0,5022334.0
1724457600,2024-08-24 00:00:00+00:00,64045.0,64494.5,63547.0,64142.0,3067997.0
1724544000,2024-08-25 00:00:00+00:00,64138.5,65062.0,63760.0,64215.5,2011823.0
1724630400,2024-08-26 00:00:00+00:00,64227.0,64479.5,62810.0,62839.5,3308929.0
1724716800,2024-08-27 00:00:00+00:00,62817.0,63215.5,57962.0,59393.0,3505981.0
1724803200,2024-08-28 00:00:00+00:00,59397.5,60218.0,57842.5,59026.0,4444140.0
1724889600,2024-08-29 00:00:00+00:00,59031.0,61168.0,58695.5,59348.5,3863609.0
1724976000,2024-08-30 00:00:00+00:00,59331.5,59939.5,57794.5,59119.5,4644078.0
1725062400,2024-08-31 00:00:00+00:00,59109.5,59460.5,58728.0,58965.0,2338611.0
1725148800,2024-09-01 00:00:00+00:00,58959.0,59077.0,57146.0,57290.5,4152888.0
1725235200,2024-09-02 00:00:00+00:00,57290.0,59428.0,57115.5,59129.0,3667520.0
1725321600,2024-09-03 00:00:00+00:00,59136.5,59816.5,57385.0,57508.5,4032126.0
1725408000,2024-09-04 00:00:00+00:00,57475.0,58523.5,55580.5,57966.5,4382831.0
1725494400,2024-09-05 00:00:00+00:00,57973.5,58339.0,55640.0,56168.5,4533500.0
1725580800,2024-09-06 00:00:00+00:00,56168.5,57000.0,52565.0,53949.0,6053038.0
1725667200,2024-09-07 00:00:00+00:00,53950.0,54844.5,53745.0,54141.5,3344805.0
1725753600,2024-09-08 00:00:00+00:00,54159.0,55320.0,53619.0,54861.0,3476812.0
1725840000,2024-09-09 00:00:00+00:00,54861.5,58032.0,54578.5,57039.0,5102229.0
1725926400,2024-09-10 00:00:00+00:00,57040.0,58037.0,56389.0,57623.0,4168096.0
1726012800,2024-09-11 00:00:00+00:00,57636.0,57974.5,55555.0,57319.5,4599080.0
1726099200,2024-09-12 00:00:00+00:00,57320.0,58570.0,57315.0,58121.5,3884985.0
1726185600,2024-09-13 00:00:00+00:00,58135.0,60619.5,57616.5,60479.5,4658077.0
1726272000,2024-09-14 00:00:00+00:00,60480.0,60597.5,59423.0,59984.5,2971637.0
1726358400,2024-09-15 00:00:00+00:00,59989.0,60394.5,58678.0,59131.0,2626350.0
1726444800,2024-09-16 00:00:00+00:00,59115.0,59206.5,57500.0,58216.0,3549068.0
1726531200,2024-09-17 00:00:00+00:00,58209.5,61354.5,57611.5,60299.5,4525820.0
1726617600,2024-09-18 00:00:00+00:00,60318.5,61789.5,59165.0,61753.5,5567265.0
1726704000,2024-09-19 00:00:00+00:00,61769.5,63854.0,61558.5,62945.0,4335489.0
1726790400,2024-09-20 00:00:00+00:00,62948.0,64139.0,62344.5,63199.0,3635666.0
1726876800,2024-09-21 00:00:00+00:00,63188.0,63566.5,62744.0,63337.5,1729886.0
1726963200,2024-09-22 00:00:00+00:00,63347.5,64025.0,62363.0,63567.0,2366317.0
1727049600,2024-09-23 00:00:00+00:00,63583.0,64741.5,62559.0,63324.0,3276655.0
1727136000,2024-09-24 00:00:00+00:00,63328.0,64692.0,62715.0,64255.0,3474436.0
1727222400,2024-09-25 00:00:00+00:00,64268.5,64821.0,62941.0,63147.5,2984393.0
1727308800,2024-09-26 00:00:00+00:00,63155.0,65826.5,62659.5,65165.5,4004681.0
1727395200,2024-09-27 00:00:00+00:00,65165.5,66467.5,64812.5,65775.0,3370378.0
1727481600,2024-09-28 00:00:00+00:00,65775.5,66253.0,65406.5,65849.5,2119707.0
1727568000,2024-09-29 00:00:00+00:00,65849.5,66082.0,65425.5,65594.0,1558483.0
1727654400,2024-09-30 00:00:00+00:00,65594.0,65615.5,62849.5,63350.0,3834867.0
1727740800,2024-10-01 00:00:00+00:00,63334.0,64119.0,60157.5,60808.0,5207815.0
1727827200,2024-10-02 00:00:00+00:00,60801.5,62375.0,59972.5,60646.5,5845421.0
1727913600,2024-10-03 00:00:00+00:00,60641.5,61478.0,59844.5,60750.0,4687322.0
1728000000,2024-10-04 00:00:00+00:00,60751.0,62482.5,60458.0,62081.0,4319757.0
1728086400,2024-10-05 00:00:00+00:00,62070.5,62368.0,61674.5,62047.5,2110574.0
1728172800,2024-10-06 00:00:00+00:00,62052.5,62960.0,61803.5,62817.5,2381700.0
1728259200,2024-10-07 00:00:00+00:00,62829.0,64467.0,62116.0,62224.0,4316661.0
1728345600,2024-10-08 00:00:00+00:00,62216.5,63200.0,61869.5,62157.0,3573510.0
1728432000,2024-10-09 00:00:00+00:00,62156.0,62546.5,60290.0,60634.0,3018995.0
1728518400,2024-10-10 00:00:00+00:00,60631.0,61320.0,58923.5,60318.0,3509753.0
1728604800,2024-10-11 00:00:00+00:00,60318.0,63426.5,60081.5,62528.5,3529584.0
1728691200,2024-10-12 00:00:00+00:00,62534.5,63488.5,62481.5,63200.5,2576025.0
1728777600,2024-10-13 00:00:00+00:00,63190.5,63285.5,62044.5,62865.5,2849795.0
1728864000,2024-10-14 00:00:00+00:00,62879.5,66529.0,62444.5,66090.5,4429906.0
1728950400,2024-10-15 00:00:00+00:00,66090.5,67980.5,64797.0,67071.5,5747985.0
1729036800,2024-10-16 00:00:00+00:00,67071.5,68428.5,66747.5,67621.0,3982815.0
1729123200,2024-10-17 00:00:00+00:00,67620.0,67953.5,66674.0,67427.5,3350340.0
1729209600,2024-10-18 00:00:00+00:00,67412.0,69028.0,67196.5,68424.0,3551819.0
1729296000,2024-10-19 00:00:00+00:00,68435.5,68709.0,68025.5,68379.0,1457429.0
1729382400,2024-10-20 00:00:00+00:00,68385.0,69451.0,68094.5,69053.5,1472792.0
1729468800,2024-10-21 00:00:00+00:00,69053.5,69584.0,66893.0,67390.5,3229957.0
1729555200,2024-10-22 00:00:00+00:00,67396.0,67852.5,66578.0,67442.0,3051324.0
1729641600,2024-10-23 00:00:00+00:00,67432.5,67466.5,65256.0,66675.0,3642838.0
1729728000,2024-10-24 00:00:00+00:00,66678.5,68868.0,66515.5,68200.5,3436353.0
1729814400,2024-10-25 00:00:00+00:00,68223.0,68775.5,65586.0,66689.5,4441674.0
1729900800,2024-10-26 00:00:00+00:00,66689.0,67466.5,66447.5,67099.0,2075009.0
1729987200,2024-10-27 00:00:00+00:00,67098.5,68331.0,66935.0,68024.0,1925127.0
1730073600,2024-10-28 00:00:00+00:00,68019.5,70352.5,67613.5,69967.0,3612816.0
1730160000,2024-10-29 00:00:00+00:00,69968.0,73682.0,69760.5,72755.0,4542991.0
1730246400,2024-10-30 00:00:00+00:00,72769.0,73012.5,71478.0,72377.5,3606642.0
1730332800,2024-10-31 00:00:00+00:00,72374.5,72740.5,69732.5,70349.5,3003094.0
1730419200,2024-11-01 00:00:00+00:00,70349.5,71650.0,68833.0,69495.0,4819108.0
1730505600,2024-11-02 00:00:00+00:00,69495.5,69913.0,69022.5,69367.0,2525337.0
1730592000,2024-11-03 00:00:00+00:00,69359.0,69394.0,67459.5,68762.5,3557247.0
1730678400,2024-11-04 00:00:00+00:00,68762.0,69495.5,66823.5,67847.5,3935095.0
1730764800,2024-11-05 00:00:00+00:00,67824.0,70548.5,67468.5,69366.5,4521662.0
1730851200,2024-11-06 00:00:00+00:00,69367.5,76406.0,69286.0,75579.5,7685522.0
1730937600,2024-11-07 00:00:00+00:00,75580.0,76865.5,74450.0,75862.0,4377944.0
1731024000,2024-11-08 00:00:00+00:00,75866.5,77190.0,75587.5,76489.5,3509949.0
1731110400,2024-11-09 00:00:00+00:00,76489.5,76925.0,75695.0,76682.5,2214266.0
1731196800,2024-11-10 00:00:00+00:00,76692.0,81654.0,76506.5,80418.5,5423992.0
1731283200,2024-11-11 00:00:00+00:00,80417.5,89782.5,80269.0,88728.5,5995858.0
1731369600,2024-11-12 00:00:00+00:00,88729.0,90026.0,85171.5,88006.5,7453710.0
1731456000,2024-11-13 00:00:00+00:00,87972.0,93396.5,86180.0,90398.0,7435245.0
1731542400,2024-11-14 00:00:00+00:00,90413.0,91846.5,86714.0,87383.0,6356512.0
1731628800,2024-11-15 00:00:00+00:00,87382.5,91912.5,87118.0,91074.5,6791252.0
1731715200,2024-11-16 00:00:00+00:00,91074.5,91851.0,90120.0,90616.0,3595086.0
1731801600,2024-11-17 00:00:00+00:00,90650.0,91538.5,88744.5,89874.5,3604500.0
1731888000,2024-11-18 00:00:00+00:00,89900.0,92700.0,89419.5,90500.5,5476873.0
1731974400,2024-11-19 00:00:00+00:00,90507.0,93972.0,90405.5,92341.0,4913646.0
1732060800,2024-11-20 00:00:00+00:00,92336.0,94849.0,91500.0,94276.0,5100103.0
1732147200,2024-11-21 00:00:00+00:00,94288.0,99089.5,94012.0,98390.0,5582510.0
1732233600,2024-11-22 00:00:00+00:00,98366.5,99660.0,97204.5,98915.0,4268083.0
1732320000,2024-11-23 00:00:00+00:00,98921.5,98937.5,97173.5,97726.0,2484208.0
1732406400,2024-11-24 00:00:00+00:00,97725.5,98621.0,95823.0,97950.0,2985725.0
1732492800,2024-11-25 00:00:00+00:00,97983.5,98976.0,92671.5,93126.5,4157065.0
1732579200,2024-11-26 00:00:00+00:00,93064.5,95061.5,90878.0,92014.0,4979240.0
1732665600,2024-11-27 00:00:00+00:00,92021.0,97250.0,91864.0,95919.5,3762881.0
1732752000,2024-11-28 00:00:00+00:00,95905.0,96620.0,94700.0,95694.0,3180561.0
1732838400,2024-11-29 00:00:00+00:00,95694.5,98715.5,95404.5,97530.5,4325533.0
1732924800,2024-11-30 00:00:00+00:00,97516.0,97520.0,96153.5,96445.0,2662585.0
1733011200,2024-12-01 00:00:00+00:00,96475.0,97924.5,95744.0,97265.5,2662472.0
1733097600,2024-12-02 00:00:00+00:00,97301.0,98258.0,94420.0,95891.0,4761899.0
1733184000,2024-12-03 00:00:00+00:00,95891.0,96375.0,93607.5,95913.0,4082445.0
1733270400,2024-12-04 00:00:00+00:00,95913.5,99093.5,94655.0,98699.5,4858756.0
1733356800,2024-12-05 00:00:00+00:00,98669.5,104589.0,91186.0,97010.0,6288653.0
1733443200,2024-12-06 00:00:00+00:00,97002.0,101984.0,96430.0,99817.0,5759353.0
1733529600,2024-12-07 00:00:00+00:00,99802.5,100500.0,98880.0,99899.5,3559645.0
1733616000,2024-12-08 00:00:00+00:00,99899.0,101458.0,98711.5,101200.0,3674534.0
1733702400,2024-12-09 00:00:00+00:00,101202.0,101300.0,94100.0,97349.0,6885017.0
1733788800,2024-12-10 00:00:00+00:00,97349.0,98312.5,94265.5,96602.0,6542458.0
1733875200,2024-12-11 00:00:00+00:00,96602.5,101875.5,95662.5,101107.0,5870343.0
1733961600,2024-12-12 00:00:00+00:00,101115.5,102520.0,99280.5,99982.0,6350908.0
1734048000,2024-12-13 00:00:00+00:00,99982.0,101866.0,99158.5,101380.5,4723683.0
1734134400,2024-12-14 00:00:00+00:00,101372.0,102638.0,100561.5,101388.0,3279774.0
1734220800,2024-12-15 00:00:00+00:00,101381.0,105348.0,101200.0,104442.5,3588664.0
1734307200,2024-12-16 00:00:00+00:00,104460.5,107775.0,103276.0,106023.5,5906813.0
1734393600,2024-12-17 00:00:00+00:00,106023.5,108347.0,105278.0,106073.5,5810929.0
1734480000,2024-12-18 00:00:00+00:00,106074.5,106467.5,99998.0,100172.5,7129612.0
1734566400,2024-12-19 00:00:00+00:00,100181.0,102757.0,95683.5,97434.0,8396761.0
1734652800,2024-12-20 00:00:00+00:00,97434.0,98240.0,92272.5,97764.5,9437029.0
1734739200,2024-12-21 00:00:00+00:00,97764.5,99485.0,96374.0,97261.5,6382198.0
1734825600,2024-12-22 00:00:00+00:00,97262.0,97432.5,94200.5,95162.5,6072495.0
1734912000,2024-12-23 00:00:00+00:00,95153.0,96500.0,92485.5,94861.5,8453330.0
1734998400,2024-12-24 00:00:00+00:00,94861.5,99447.0,93525.5,98636.5,8926838.0
1735084800,2024-12-25 00:00:00+00:00,98626.5,99528.0,97589.0,99385.0,7048181.0
1735171200,2024-12-26 00:00:00+00:00,99380.0,99949.5,95154.5,95750.5,8190200.0
1735257600,2024-12-27 00:00:00+00:00,95751.0,97504.0,93462.5,94272.0,8941135.0
1735344000,2024-12-28 00:00:00+00:00,94259.0,95701.0,94100.0,95259.5,5186699.0
1735430400,2024-12-29 00:00:00+00:00,95259.5,95300.0,92965.0,93699.5,4524320.0
1735516800,2024-12-30 00:00:00+00:00,93700.0,95010.5,91509.0,92760.5,8633890.0
1735603200,2024-12-31 00:00:00+00:00,92759.5,96236.5,92000.0,93549.5,8063048.0
1735689600,2025-01-01 00:00:00+00:00,93548.5,95156.0,92875.0,94580.5,5646180.0
1735776000,2025-01-02 00:00:00+00:00,94581.0,97813.5,94360.0,96957.0,9294913.0
1735862400,2025-01-03 00:00:00+00:00,96967.5,98946.5,96065.0,98146.0,7043938.0
1735948800,2025-01-04 00:00:00+00:00,98146.0,98755.0,97477.5,98173.0,4966045.0
1736035200,2025-01-05 00:00:00+00:00,98173.5,98824.5,97029.0,98339.0,4641404.0
1736121600,2025-01-06 00:00:00+00:00,98340.5,102443.5,97874.5,102180.5,9311093.0
1736208000,2025-01-07 00:00:00+00:00,102180.5,102666.0,96165.0,96882.0,9331993.0
1736294400,2025-01-08 00:00:00+00:00,96920.0,97243.0,92500.5,95048.0,10406573.0
1736380800,2025-01-09 00:00:00+00:00,95025.0,95359.0,91141.5,92509.5,9965395.0
1736467200,2025-01-10 00:00:00+00:00,92506.0,95848.0,92173.5,94679.5,11595153.0
1736553600,2025-01-11 00:00:00+00:00,94676.0,94989.0,93802.5,94562.5,5176003.0
1736640000,2025-01-12 00:00:00+00:00,94562.5,95438.0,93661.0,94500.0,4790901.0
1736726400,2025-01-13 00:00:00+00:00,94500.0,95915.5,89008.5,94485.0,13212088.0
1736812800,2025-01-14 00:00:00+00:00,94485.5,97352.0,94304.0,96506.0,9006046.0
1736899200,2025-01-15 00:00:00+00:00,96514.0,100660.0,96449.5,100460.0,9005047.0
1736985600,2025-01-16 00:00:00+00:00,100460.5,100850.0,97295.0,99946.5,9189881.0
1737072000,2025-01-17 00:00:00+00:00,99937.5,105784.5,99901.5,104043.0,10066731.0
1737158400,2025-01-18 00:00:00+00:00,104043.0,104964.5,102242.5,104524.0,8258085.0
1737244800,2025-01-19 00:00:00+00:00,104524.5,106451.5,99600.5,101296.5,8106480.0
1737331200,2025-01-20 00:00:00+00:00,101312.0,109979.0,99501.0,102263.5,17277856.0
1737417600,2025-01-21 00:00:00+00:00,102248.0,107227.5,100110.0,106114.0,12505755.0
1737504000,2025-01-22 00:00:00+00:00,106118.0,106385.5,103300.0,103664.5,8809083.0
1737590400,2025-01-23 00:00:00+00:00,103664.5,106838.0,101211.0,103864.0,13261110.0
1737676800,2025-01-24 00:00:00+00:00,103864.5,107074.5,102682.5,104808.5,9226268.0
1737763200,2025-01-25 00:00:00+00:00,104808.5,105266.5,104044.5,104700.0,4857234.0
1737849600,2025-01-26 00:00:00+00:00,104701.5,105482.5,102456.5,102575.0,3146213.0
1737936000,2025-01-27 00:00:00+00:00,102560.5,103216.5,97697.5,102022.0,12485473.0
1738022400,2025-01-28 00:00:00+00:00,102021.5,103797.0,100235.0,101281.0,9743501.0
1738108800,2025-01-29 00:00:00+00:00,101280.0,104755.0,101269.5,103698.0,8781710.0
1738195200,2025-01-30 00:00:00+00:00,103698.5,106417.0,103229.0,104676.5,7639588.0
1738281600,2025-01-31 00:00:00+00:00,104676.5,106000.0,101511.0,102377.5,9103821.0
1738368000,2025-02-01 00:00:00+00:00,102380.0,102736.0,100217.0,100603.5,5171039.0
1738454400,2025-02-02 00:00:00+00:00,100591.5,101426.0,96029.5,97664.5,9559198.0
1738540800,2025-02-03 00:00:00+00:00,97664.0,102450.0,91150.0,101294.0,13417869.0
1738627200,2025-02-04 00:00:00+00:00,101294.0,101671.0,96100.0,97710.0,10775105.0
1738713600,2025-02-05 00:00:00+00:00,97713.5,99123.0,96104.0,96560.5,8571025.0
1738800000,2025-02-06 00:00:00+00:00,96553.5,99093.0,95631.0,96515.0,9312258.0
1738886400,2025-02-07 00:00:00+00:00,96515.5,100113.5,95569.0,96450.0,11326481.0
1738972800,2025-02-08 00:00:00+00:00,96454.5,96848.0,95616.0,96412.0,5293997.0
1739059200,2025-02-09 00:00:00+00:00,96412.0,97291.0,94647.0,96424.5,5631386.0
1739145600,2025-02-10 00:00:00+00:00,96422.0,98327.5,95200.0,97379.0,7893647.0
1739232000,2025-02-11 00:00:00+00:00,97379.5,98454.5,94824.0,95731.5,8297993.0
1739318400,2025-02-12 00:00:00+00:00,95731.0,98091.0,94020.0,97824.0,9840052.0
1739404800,2025-02-13 00:00:00+00:00,97816.0,98050.0,95173.5,96560.5,7656200.0
1739491200,2025-02-14 00:00:00+00:00,96561.0,98793.0,96223.5,97445.5,7430960.0
1739577600,2025-02-15 00:00:00+00:00,97445.0,97939.0,97170.0,97538.0,3526340.0
1739664000,2025-02-16 00:00:00+00:00,97537.5,97664.5,96002.0,96067.5,3151614.0
1739750400,2025-02-17 00:00:00+00:00,96052.0,97000.0,95153.0,95733.0,5673333.0
1739836800,2025-02-18 00:00:00+00:00,95743.0,96724.5,93321.5,95613.5,8015506.0
1739923200,2025-02-19 00:00:00+00:00,95622.0,96859.5,95012.5,96597.5,6086769.0
1740009600,2025-02-20 00:00:00+00:00,96598.0,98662.5,96366.0,98253.0,6019037.0
1740096000,2025-02-21 00:00:00+00:00,98268.0,99432.0,94836.0,96127.5,8447360.0
1740182400,2025-02-22 00:00:00+00:00,96134.5,96970.0,95737.0,96503.0,3254552.0
1740268800,2025-02-23 00:00:00+00:00,96503.0,96603.0,95195.5,96218.5,2727871.0
1740355200,2025-02-24 00:00:00+00:00,96218.0,96466.0,91300.0,91546.0,7175743.0
1740441600,2025-02-25 00:00:00+00:00,91515.0,92500.0,86020.5,88639.0,14928856.0
1740528000,2025-02-26 00:00:00+00:00,88639.5,89367.5,82222.0,84199.5,14730482.0
1740614400,2025-02-27 00:00:00+00:00,84209.0,87061.0,82674.5,84660.0,11633763.0
1740700800,2025-02-28 00:00:00+00:00,84668.5,85082.0,78218.0,84292.0,21422052.0
1740787200,2025-03-01 00:00:00+00:00,84299.5,86516.5,83781.5,86007.5,11647456.0
1740873600,2025-03-02 00:00:00+00:00,86008.0,94967.5,85013.5,94229.5,17952526.0
1740960000,2025-03-03 00:00:00+00:00,94221.5,94373.5,85052.0,86189.5,18158048.0
1741046400,2025-03-04 00:00:00+00:00,86193.0,88918.0,81424.0,87246.0,19449284.0
1741132800,2025-03-05 00:00:00+00:00,87246.0,90984.0,86338.5,90566.0,15404029.0
1741219200,2025-03-06 00:00:00+00:00,90566.0,92780.5,87790.5,89887.5,15349495.0
1741305600,2025-03-07 00:00:00+00:00,89888.0,91254.5,84601.0,86754.0,19336447.0
1741392000,2025-03-08 00:00:00+00:00,86754.0,86866.5,85164.5,86184.5,8601191.0
1741478400,2025-03-09 00:00:00+00:00,86185.0,86471.0,79940.0,80689.0,10981992.0
1741564800,2025-03-10 00:00:00+00:00,80694.5,84019.5,77413.0,78568.0,19881976.0
1741651200,2025-03-11 00:00:00+00:00,78571.5,83592.0,76560.0,82896.0,17586481.0
1741737600,2025-03-12 00:00:00+00:00,82896.0,84472.5,80578.5,83641.0,15867608.0
1741824000,2025-03-13 00:00:00+00:00,83637.0,84305.0,79903.0,81085.0,13922184.0
1741910400,2025-03-14 00:00:00+00:00,81085.5,85270.5,80783.5,83940.0,13935528.0
1741996800,2025-03-15 00:00:00+00:00,83939.5,84625.0,83562.5,84303.0,6718918.0
1742083200,2025-03-16 00:00:00+00:00,84303.0,85135.0,81947.0,82542.0,10609609.0
1742169600,2025-03-17 00:00:00+00:00,82542.0,84710.5,82384.0,83962.5,12036351.0
1742256000,2025-03-18 00:00:00+00:00,83963.0,83980.0,81113.0,82666.0,11931220.0
1742342400,2025-03-19 00:00:00+00:00,82666.5,86980.5,82501.5,86808.5,12028860.0
1742428800,2025-03-20 00:00:00+00:00,86809.5,87431.0,83613.5,84184.0,11913010.0
1742515200,2025-03-21 00:00:00+00:00,84184.0,84812.0,83122.0,84050.5,9562073.0
1742601600,2025-03-22 00:00:00+00:00,84050.5,84510.0,83600.0,83804.5,3643267.0
1742688000,2025-03-23 00:00:00+00:00,83805.0,86111.0,83761.0,86044.0,4794986.0
1742774400,2025-03-24 00:00:00+00:00,86044.5,88742.0,85477.5,87463.5,9363776.0
1742860800,2025-03-25 00:00:00+00:00,87463.5,88500.0,86263.0,87368.0,8253973.0
1742947200,2025-03-26 00:00:00+00:00,87370.0,88254.0,85815.5,86870.0,8333108.0
1743033600,2025-03-27 00:00:00+00:00,86874.0,87722.0,85739.0,87191.0,8045233.0
1743120000,2025-03-28 00:00:00+00:00,87191.5,87470.5,83532.0,84381.0,9553878.0
1743206400,2025-03-29 00:00:00+00:00,84380.5,84590.0,81608.0,82604.5,8778033.0
1743292800,2025-03-30 00:00:00+00:00,82605.0,83490.5,81502.0,82353.5,7389964.0
1743379200,2025-03-31 00:00:00+00:00,82353.5,83887.5,81234.5,82517.5,12368158.0
1743465600,2025-04-01 00:00:00+00:00,82517.0,85510.0,82385.0,85121.0,10716330.0
1743552000,2025-04-02 00:00:00+00:00,85121.0,88502.5,82300.0,82485.5,14052037.0
1743638400,2025-04-03 00:00:00+00:00,82485.0,83889.5,81174.5,83180.0,11920815.0
1743724800,2025-04-04 00:00:00+00:00,83186.5,84680.0,81624.0,83861.5,16163107.0
1743811200,2025-04-05 00:00:00+00:00,83861.5,84243.0,82332.5,83499.0,8126960.0
1743897600,2025-04-06 00:00:00+00:00,83506.5,83764.0,77112.0,78388.0,13512948.0
1743984000,2025-04-07 00:00:00+00:00,78390.0,81194.5,74461.5,79140.5,22394911.0
1744070400,2025-04-08 00:00:00+00:00,79140.5,80832.5,76202.0,76298.0,15552080.0
1744156800,2025-04-09 00:00:00+00:00,76297.5,83553.0,74583.0,82588.0,19884721.0
1744243200,2025-04-10 00:00:00+00:00,82587.5,82707.0,78416.0,79560.0,17031068.0
1744329600,2025-04-11 00:00:00+00:00,79560.0,84270.5,78935.5,83386.0,14599711.0
1744416000,2025-04-12 00:00:00+00:00,83378.5,85884.5,82756.0,85237.5,10371717.0
1744502400,2025-04-13 00:00:00+00:00,85237.5,86097.5,82999.5,83714.0,11737021.0
1744588800,2025-04-14 00:00:00+00:00,83713.5,85757.5,83635.5,84554.0,13034364.0
1744675200,2025-04-15 00:00:00+00:00,84554.0,86443.0,83566.0,83609.0,10479723.0
1744761600,2025-04-16 00:00:00+00:00,83609.0,85487.0,83067.5,83990.0,12155134.0
1744848000,2025-04-17 00:00:00+00:00,83990.0,85441.5,83700.0,84915.0,9355050.0
1744934400,2025-04-18 00:00:00+00:00,84915.0,85100.0,84266.5,84421.0,4649176.0
1745020800,2025-04-19 00:00:00+00:00,84421.5,85601.5,84317.5,85042.5,5621186.0
1745107200,2025-04-20 00:00:00+00:00,85046.5,85284.0,83903.0,85141.5,5109123.0
1745193600,2025-04-21 00:00:00+00:00,85139.0,88419.0,85100.0,87476.0,11797006.0
1745280000,2025-04-22 00:00:00+00:00,87466.5,94100.0,87026.0,93404.5,11481753.0
1745366400,2025-04-23 00:00:00+00:00,93405.0,94700.0,91900.0,93632.5,10014266.0
1745452800,2025-04-24 00:00:00+00:00,93632.0,93980.0,91620.0,93932.0,7323414.0
1745539200,2025-04-25 00:00:00+00:00,93931.5,95752.5,92790.0,94583.0,9276380.0
1745625600,2025-04-26 00:00:00+00:00,94601.5,95153.0,93833.0,94576.0,4723304.0
1745712000,2025-04-27 00:00:00+00:00,94590.0,95279.5,93550.0,93697.5,4462304.0
1745798400,2025-04-28 00:00:00+00:00,93697.5,95579.0,92729.0,94966.5,8253816.0
1745884800,2025-04-29 00:00:00+00:00,94969.5,95423.0,93680.0,94206.0,7119597.0
1745971200,2025-04-30 00:00:00+00:00,94200.5,95186.5,92850.0,94125.0,8643378.0
1746057600,2025-05-01 00:00:00+00:00,94125.0,97386.5,94093.0,96423.5,10195341.0
1746144000,2025-05-02 00:00:00+00:00,96423.5,97861.0,96294.0,96831.0,8006213.0
1746230400,2025-05-03 00:00:00+00:00,96831.0,96864.5,95699.5,95814.0,5037916.0
1746316800,2025-05-04 00:00:00+00:00,95803.5,96269.5,94113.5,94230.0,4610553.0
1746403200,2025-05-05 00:00:00+00:00,94230.5,95165.0,93455.5,94696.5,7171842.0
1746489600,2025-05-06 00:00:00+00:00,94696.5,96889.5,93336.0,96803.5,7201297.0
1746576000,2025-05-07 00:00:00+00:00,96810.0,97709.0,95732.0,96997.5,7465311.0
1746662400,2025-05-08 00:00:00+00:00,96997.5,104278.0,96840.5,103238.0,9049923.0
1746748800,2025-05-09 00:00:00+00:00,103239.0,104356.5,102285.5,102952.5,6145908.0
1746835200,2025-05-10 00:00:00+00:00,102951.5,105010.0,102796.0,104800.0,4248335.0
1746921600,2025-05-11 00:00:00+00:00,104793.5,104958.0,103292.0,104070.5,5100836.0
1747008000,2025-05-12 00:00:00+00:00,104082.5,105840.0,100694.0,102750.0,7451998.0
1747094400,2025-05-13 00:00:00+00:00,102750.0,104960.0,101411.5,104093.0,5943348.0
1747180800,2025-05-14 00:00:00+00:00,104092.5,104330.0,102549.5,103468.0,5128336.0
1747267200,2025-05-15 00:00:00+00:00,103469.0,104168.0,101322.5,103742.0,6862364.0
1747353600,2025-05-16 00:00:00+00:00,103739.5,104535.0,103071.5,103423.5,4909292.0
1747440000,2025-05-17 00:00:00+00:00,103423.0,103669.5,102563.5,103081.0,3889882.0
1747526400,2025-05-18 00:00:00+00:00,103109.0,106637.0,103062.0,106410.5,5424433.0
1747612800,2025-05-19 00:00:00+00:00,106426.5,107096.0,102048.5,105557.5,7711441.0
1747699200,2025-05-20 00:00:00+00:00,105542.0,107300.0,104146.5,106818.0,7862139.0
1747785600,2025-05-21 00:00:00+00:00,106811.5,110811.5,106048.0,109620.0,9951313.0
1747872000,2025-05-22 00:00:00+00:00,109621.0,111969.0,109170.5,111674.5,6898307.0
1747958400,2025-05-23 00:00:00+00:00,111674.5,111782.0,106748.0,107282.0,7952302.0
1748044800,2025-05-24 00:00:00+00:00,107281.5,109451.0,106846.5,107709.0,5278055.0
1748131200,2025-05-25 00:00:00+00:00,107710.0,109297.5,106520.5,108967.0,5698324.0
1748217600,2025-05-26 00:00:00+00:00,108966.0,110405.5,108631.5,109416.0,5891061.0
1748304000,2025-05-27 00:00:00+00:00,109397.0,110690.0,107460.5,108900.5,6568392.0
1748390400,2025-05-28 00:00:00+00:00,108900.5,109251.0,106737.0,107734.5,5356570.0
1748476800,2025-05-29 00:00:00+00:00,107734.5,108871.0,105213.5,105551.0,6533358.0
1748563200,2025-05-30 00:00:00+00:00,105551.0,106277.0,103570.0,103959.5,6908974.0
1748649600,2025-05-31 00:00:00+00:00,103960.5,104868.0,103042.0,104554.5,4875968.0
1748736000,2025-06-01 00:00:00+00:00,104554.5,105820.5,103714.0,105593.5,4746270.0
1748822400,2025-06-02 00:00:00+00:00,105593.5,105907.0,103627.0,105825.5,6028330.0
1748908800,2025-06-03 00:00:00+00:00,105824.5,106766.0,104832.0,105335.0,6048810.0
1748995200,2025-06-04 00:00:00+00:00,105325.0,105975.0,104126.0,104651.5,5429302.0
1749081600,2025-06-05 00:00:00+00:00,104652.5,105888.5,100322.5,101468.5,8185415.0
1749168000,2025-06-06 00:00:00+00:00,101469.5,105294.0,101040.0,104250.0,6370935.0
1749254400,2025-06-07 00:00:00+00:00,104250.0,105885.0,103826.5,105518.0,4010586.0
1749340800,2025-06-08 00:00:00+00:00,105519.0,106494.0,104940.0,105686.5,3403803.0
1749427200,2025-06-09 00:00:00+00:00,105686.5,110656.0,105275.0,110239.5,6607732.0
1749513600,2025-06-10 00:00:00+00:00,110238.5,110379.0,108300.0,110247.0,6053317.0
1749600000,2025-06-11 00:00:00+00:00,110246.0,110361.5,108015.0,108610.5,4864502.0
1749686400,2025-06-12 00:00:00+00:00,108611.5,108793.5,105612.0,105631.5,5633553.0
1749772800,2025-06-13 00:00:00+00:00,105620.5,106152.0,102625.5,106041.5,7021174.0
1749859200,2025-06-14 00:00:00+00:00,106038.5,106185.0,104241.0,105370.0,3396195.0
1749945600,2025-06-15 00:00:00+00:00,105371.0,106110.5,104418.5,105546.0,3392076.0
1750032000,2025-06-16 00:00:00+00:00,105545.0,108914.0,104930.0,106760.5,5425662.0
1750118400,2025-06-17 00:00:00+00:00,106760.5,107738.5,103321.5,104518.5,6942100.0
1750204800,2025-06-18 00:00:00+00:00,104517.5,105511.5,103454.0,104842.5,6664922.0
1750291200,2025-06-19 00:00:00+00:00,104843.5,105197.0,103879.0,104622.5,3826784.0
1750377600,2025-06-20 00:00:00+00:00,104618.0,106497.0,102295.0,103255.0,7334329.0
1750464000,2025-06-21 00:00:00+00:00,103257.0,103950.0,100823.5,102083.0,4422408.0
1750550400,2025-06-22 00:00:00+00:00,102089.5,103360.0,98135.5,100915.5,8694614.0
1750636800,2025-06-23 00:00:00+00:00,100914.5,106039.0,99558.5,105302.0,8571975.0
1750723200,2025-06-24 00:00:00+00:00,105302.0,106249.0,104580.5,106046.0,4916684.0
1750809600,2025-06-25 00:00:00+00:00,106046.0,108107.0,105766.0,107291.5,5838271.0
1750896000,2025-06-26 00:00:00+00:00,107300.0,108255.0,106510.0,106925.0,4466312.0
1750982400,2025-06-27 00:00:00+00:00,106925.0,107697.0,106325.0,107014.5,4982526.0
1751068800,2025-06-28 00:00:00+00:00,107021.0,107522.0,106777.0,107251.0,2052700.0
1751155200,2025-06-29 00:00:00+00:00,107260.5,108510.0,107129.0,108320.0,3314066.0
1751241600,2025-06-30 00:00:00+00:00,108321.0,108770.0,106694.0,107097.5,5030921.0
1751328000,2025-07-01 00:00:00+00:00,107097.5,107507.5,105199.0,105648.0,5611700.0
1751414400,2025-07-02 00:00:00+00:00,105648.0,109702.0,105057.0,108811.0,7063069.0
1751500800,2025-07-03 00:00:00+00:00,108811.0,110497.0,108488.5,109555.5,5801280.0
1751587200,2025-07-04 00:00:00+00:00,109556.5,109743.5,107210.5,107945.5,5085801.0
1751673600,2025-07-05 00:00:00+00:00,107945.5,108379.5,107698.5,108164.5,2373150.0
1751760000,2025-07-06 00:00:00+00:00,108164.5,109684.0,107753.5,109157.0,3171781.0
1751846400,2025-07-07 00:00:00+00:00,109156.0,109678.0,107466.0,108214.0,4729685.0
1751932800,2025-07-08 00:00:00+00:00,108214.0,109191.0,107409.0,108884.5,4588730.0
1752019200,2025-07-09 00:00:00+00:00,108884.5,112034.0,108285.0,111210.5,5772560.0
1752105600,2025-07-10 00:00:00+00:00,111210.5,117498.0,110458.0,115988.5,6772511.0
1752192000,2025-07-11 00:00:00+00:00,115990.5,118894.0,115207.5,117511.5,7160322.0
1752278400,2025-07-12 00:00:00+00:00,117512.5,118186.5,116876.0,117401.5,2898233.0
1752364800,2025-07-13 00:00:00+00:00,117401.5,119457.5,117186.5,119050.5,3586512.0
1752451200,2025-07-14 00:00:00+00:00,119075.0,123272.0,118874.0,119824.0,7475517.0
1752537600,2025-07-15 00:00:00+00:00,119827.5,119931.5,115690.0,117751.0,8392245.0
1752624000,2025-07-16 00:00:00+00:00,117751.0,120077.0,117033.5,118602.0,6255387.0
1752710400,2025-07-17 00:00:00+00:00,118615.0,120964.0,117424.0,119189.0,5704148.0
1752796800,2025-07-18 00:00:00+00:00,119188.0,120859.0,116800.5,117907.5,5770112.0
1752883200,2025-07-19 00:00:00+00:00,117908.5,118469.0,117261.5,117826.5,2666199.0
1752969600,2025-07-20 00:00:00+00:00,117841.0,118869.0,116411.0,117227.5,3018599.0
1753056000,2025-07-21 00:00:00+00:00,117227.5,119680.0,116472.0,117341.5,5339836.0
1753142400,2025-07-22 00:00:00+00:00,117342.5,120313.0,116006.0,120005.0,6130305.0
1753228800,2025-07-23 00:00:00+00:00,120006.0,120159.0,117275.5,118724.5,4602271.0
1753315200,2025-07-24 00:00:00+00:00,118725.5,119458.0,117061.5,118300.0,5023653.0
1753401600,2025-07-25 00:00:00+00:00,118308.5,118423.5,114683.5,117603.0,7376480.0
1753488000,2025-07-26 00:00:00+00:00,117595.5,118311.0,117125.5,117900.0,2227885.0
1753574400,2025-07-27 00:00:00+00:00,117900.5,119778.0,117812.5,119435.5,3000309.0
1753660800,2025-07-28 00:00:00+00:00,119434.5,119824.0,117407.0,118052.5,4485131.0
1753747200,2025-07-29 00:00:00+00:00,118053.5,119271.0,116933.5,117916.5,4643592.0
1753833600,2025-07-30 00:00:00+00:00,117909.5,118778.0,115731.5,117782.5,4910534.0
1753920000,2025-07-31 00:00:00+00:00,117782.5,118913.5,115424.0,115709.5,4867629.0
1754006400,2025-08-01 00:00:00+00:00,115698.0,116012.0,112676.5,113255.5,7288827.0
1754092800,2025-08-02 00:00:00+00:00,113255.5,114011.5,111955.0,112520.5,4424452.0
1754179200,2025-08-03 00:00:00+00:00,112540.0,114741.5,111865.0,114162.5,3509016.0
1754265600,2025-08-04 00:00:00+00:00,114162.5,115698.0,114064.5,115014.5,4236387.0
1754352000,2025-08-05 00:00:00+00:00,115013.5,115085.5,112597.5,114097.0,5254170.0
1754438400,2025-08-06 00:00:00+00:00,114081.5,115684.0,113315.0,114951.5,4154934.0
1754524800,2025-08-07 00:00:00+00:00,114938.5,117592.0,114222.0,117432.0,4714121.0
1754611200,2025-08-08 00:00:00+00:00,117431.0,117602.5,115864.0,116640.5,3914993.0
1754697600,2025-08-09 00:00:00+00:00,116640.5,117918.5,116315.5,116434.5,3461308.0
1754784000,2025-08-10 00:00:00+00:00,116431.0,119303.0,116431.0,119267.5,4693885.0
1754870400,2025-08-11 00:00:00+00:00,119267.5,122337.0,118092.0,118654.0,6344479.0
1754956800,2025-08-12 00:00:00+00:00,118654.0,120281.5,118165.0,120084.0,4680251.0
1755043200,2025-08-13 00:00:00+00:00,120052.0,123722.5,118873.0,123335.5,5749102.0
1755129600,2025-08-14 00:00:00+00:00,123336.5,124558.5,117114.0,118253.5,6132343.0
1755216000,2025-08-15 00:00:00+00:00,118280.0,119196.0,116753.5,117290.5,4762636.0
1755302400,2025-08-16 00:00:00+00:00,117277.0,117865.5,117101.0,117341.0,2190825.0
1755388800,2025-08-17 00:00:00+00:00,117342.0,118549.0,117133.0,117365.0,2646240.0
1755475200,2025-08-18 00:00:00+00:00,117355.0,117511.5,114616.0,116196.0,4589704.0
1755561600,2025-08-19 00:00:00+00:00,116201.5,116700.0,112677.0,112836.0,4853832.0
1755648000,2025-08-20 00:00:00+00:00,112862.0,114580.5,112312.5,114231.0,4700862.0
1755734400,2025-08-21 00:00:00+00:00,114232.0,114788.5,111959.5,112467.0,4148381.0
1755820800,2025-08-22 00:00:00+00:00,112473.0,117409.5,111636.5,116910.0,5322222.0
1755907200,2025-08-23 00:00:00+00:00,116916.0,117000.0,114520.0,115389.5,3188865.0
1755993600,2025-08-24 00:00:00+00:00,115389.5,115652.5,110501.0,113458.0,4062764.0
1756080000,2025-08-25 00:00:00+00:00,113469.5,113633.0,109230.0,110067.5,5321549.0
1756166400,2025-08-26 00:00:00+00:00,110075.0,112340.0,108632.5,111720.5,4628767.0
1756252800,2025-08-27 00:00:00+00:00,111720.5,112581.0,110327.0,111206.5,4971592.0
1756339200,2025-08-28 00:00:00+00:00,111200.0,113440.5,110822.0,112519.0,4301404.0
1756425600,2025-08-29 00:00:00+00:00,112519.0,112597.5,107426.0,108329.0,5922968.0
1756512000,2025-08-30 00:00:00+00:00,108349.0,108892.0,107302.0,108768.0,3342282.0
1756598400,2025-08-31 00:00:00+00:00,108769.0,109451.5,108031.5,108218.5,3600521.0
1756684800,2025-09-01 00:00:00+00:00,108218.5,109877.0,107222.0,109198.0,6257864.0
1756771200,2025-09-02 00:00:00+00:00,109198.0,111743.5,108343.5,111199.5,7068183.0
1756857600,2025-09-03 00:00:00+00:00,111199.5,112551.0,110499.0,111671.5,5258308.0
1756944000,2025-09-04 00:00:00+00:00,111664.5,112148.5,109295.5,110690.0,4956416.0
1757030400,2025-09-05 00:00:00+00:00,110691.0,113356.0,110172.5,110626.5,5920935.0
1757116800,2025-09-06 00:00:00+00:00,110626.5,111268.5,109918.0,110147.0,2444515.0
1757203200,2025-09-07 00:00:00+00:00,110147.0,111571.0,110131.5,111091.5,2529828.0
1757289600,2025-09-08 00:00:00+00:00,111086.0,112879.5,110577.5,112023.5,3699987.0
1757376000,2025-09-09 00:00:00+00:00,112023.5,113250.0,110725.5,111510.5,4599551.0
1757462400,2025-09-10 00:00:00+00:00,111511.5,114299.5,110866.5,113908.5,5435305.0
1757548800,2025-09-11 00:00:00+00:00,113902.0,115451.0,113370.0,115438.0,4906920.0
1757635200,2025-09-12 00:00:00+00:00,115439.0,116612.0,114698.0,115989.5,5160384.0
1757721600,2025-09-13 00:00:00+00:00,116000.0,116257.5,115072.5,115875.0,2852241.0
1757808000,2025-09-14 00:00:00+00:00,115874.0,116131.0,115079.0,115230.0,2478533.0
1757894400,2025-09-15 00:00:00+00:00,115219.0,116739.0,114351.0,115312.0,5506440.0
1757980800,2025-09-16 00:00:00+00:00,115312.0,116923.0,114678.0,116759.5,5270454.0
1758067200,2025-09-17 00:00:00+00:00,116759.5,117260.0,114672.0,116420.0,6947582.0
1758153600,2025-09-18 00:00:00+00:00,116419.5,117886.5,116050.0,117029.5,4402294.0
1758240000,2025-09-19 00:00:00+00:00,117028.5,117419.0,115061.0,115582.0,3923679.0
1758326400,2025-09-20 00:00:00+00:00,115582.0,116071.5,115354.5,115637.0,1954360.0
1758412800,2025-09-21 00:00:00+00:00,115637.0,115790.0,115148.0,115190.5,1769471.0
1758499200,2025-09-22 00:00:00+00:00,115189.5,115357.0,111552.5,112617.5,4738922.0
1758585600,2025-09-23 00:00:00+00:00,112609.0,113261.5,111424.5,111958.0,3645344.0
1758672000,2025-09-24 00:00:00+00:00,111958.0,113907.5,110997.0,113264.5,3696463.0
1758758400,2025-09-25 00:00:00+00:00,113268.5,113474.0,108584.0,108946.0,5152221.0
1758844800,2025-09-26 00:00:00+00:00,108946.0,110260.0,108576.5,109599.0,3950026.0
1758931200,2025-09-27 00:00:00+00:00,109591.0,109705.5,109032.0,109587.5,1491742.0
1759017600,2025-09-28 00:00:00+00:00,109588.5,112311.5,109147.0,112130.5,2343752.0
1759104000,2025-09-29 00:00:00+00:00,112139.0,114379.5,111512.0,114268.0,3619810.0
1759190400,2025-09-30 00:00:00+00:00,114265.5,114794.5,112625.5,114000.0,4399599.0
1759276800,2025-10-01 00:00:00+00:00,114000.0,118625.0,113910.0,118565.0,5654066.0
1759363200,2025-10-02 00:00:00+00:00,118563.5,121011.0,118237.5,120493.0,6028550.0
1759449600,2025-10-03 00:00:00+00:00,120493.0,123902.0,119229.0,122172.5,7293150.0
1759536000,2025-10-04 00:00:00+00:00,122200.0,122783.5,121463.5,122355.0,3694519.0
1759622400,2025-10-05 00:00:00+00:00,122355.0,125836.0,122100.0,123440.0,6711949.0
1759708800,2025-10-06 00:00:00+00:00,123438.5,126205.5,123030.5,124628.0,5946249.0
1759795200,2025-10-07 00:00:00+00:00,124657.0,125111.0,120528.0,121299.5,7119960.0
1759881600,2025-10-08 00:00:00+00:00,121298.5,124158.0,121030.5,123250.0,5923410.0
1759968000,2025-10-09 00:00:00+00:00,123266.0,123735.0,119586.5,121592.0,6562827.0
1760054400,2025-10-10 00:00:00+00:00,121596.5,122481.0,101684.5,112725.5,10584431.0
1760140800,2025-10-11 00:00:00+00:00,112714.5,113312.0,109512.5,110590.0,8043459.0
1760227200,2025-10-12 00:00:00+00:00,110608.5,115731.0,109530.0,114905.0,8435638.0
1760313600,2025-10-13 00:00:00+00:00,114906.0,115922.0,113614.5,115124.0,6909012.0
1760400000,2025-10-14 00:00:00+00:00,115124.0,115372.5,109813.0,112995.5,9575814.0
1760486400,2025-10-15 00:00:00+00:00,112995.5,113584.5,110107.5,110711.0,7417193.0
1760572800,2025-10-16 00:00:00+00:00,110711.0,111971.5,107365.0,108147.5,8559819.0
1760659200,2025-10-17 00:00:00+00:00,108140.5,109194.0,103483.0,106390.0,9569581.0
1760745600,2025-10-18 00:00:00+00:00,106389.0,107464.0,106280.5,107128.0,4174639.0
1760832000,2025-10-19 00:00:00+00:00,107114.0,109405.5,106080.0,108600.0,6080597.0
1760918400,2025-10-20 00:00:00+00:00,108597.0,111660.0,107387.5,110480.5,6308291.0
1761004800,2025-10-21 00:00:00+00:00,110480.5,113951.5,107425.0,108264.0,10324419.0
1761091200,2025-10-22 00:00:00+00:00,108265.0,109141.5,106611.0,107542.5,8362183.0
1761177600,2025-10-23 00:00:00+00:00,107547.5,111251.5,107473.0,110036.5,7555752.0
1761264000,2025-10-24 00:00:00+00:00,110031.0,112014.5,109660.5,110976.0,6793907.0
1761350400,2025-10-25 00:00:00+00:00,110976.0,111914.5,110631.0,111600.0,3831159.0
1761436800,2025-10-26 00:00:00+00:00,111582.0,115523.5,111211.0,114511.5,5394345.0
1761523200,2025-10-27 00:00:00+00:00,114509.5,116392.0,113803.5,114076.0,6042288.0
1761609600,2025-10-28 00:00:00+00:00,114075.0,116064.0,112147.5,112845.0,7131088.0
1761696000,2025-10-29 00:00:00+00:00,112840.0,113605.0,109194.0,110006.5,7397176.0
1761782400,2025-10-30 00:00:00+00:00,110007.0,111570.5,106281.0,108275.0,7961215.0
1761868800,2025-10-31 00:00:00+00:00,108276.5,111167.5,108237.0,109568.5,9004008.0
1761955200,2025-11-01 00:00:00+00:00,109567.5,110551.0,109362.0,110059.0,3979987.0
1762041600,2025-11-02 00:00:00+00:00,110059.0,111214.0,109446.0,110505.5,5492130.0
1762128000,2025-11-03 00:00:00+00:00,110506.5,110721.5,105309.5,106554.0,8613674.0
1762214400,2025-11-04 00:00:00+00:00,106576.5,107259.0,98896.5,101448.0,10788065.0
1762300800,2025-11-05 00:00:00+00:00,101460.0,104503.5,98922.5,103854.0,9548403.0
1762387200,2025-11-06 00:00:00+00:00,103840.0,104187.5,100250.0,101302.0,8424481.0
1762473600,2025-11-07 00:00:00+00:00,101319.5,104069.5,99217.0,103315.0,8848032.0
1762560000,2025-11-08 00:00:00+00:00,103315.0,103384.5,101420.5,102280.0,5847239.0
1762646400,2025-11-09 00:00:00+00:00,102280.0,105451.0,101328.0,104680.5,6540751.0
1762732800,2025-11-10 00:00:00+00:00,104680.5,106663.5,104220.5,105977.5,7361326.0
1762819200,2025-11-11 00:00:00+00:00,105981.0,107485.0,102442.5,103011.0,7958878.0
1762905600,2025-11-12 00:00:00+00:00,103030.0,105307.0,100725.5,101616.5,9035407.0
1762992000,2025-11-13 00:00:00+00:00,101601.0,104032.0,97975.5,99663.5,10510227.0
1763078400,2025-11-14 00:00:00+00:00,99663.5,99845.0,93971.5,94554.5,11946963.0
1763164800,2025-11-15 00:00:00+00:00,94567.5,96803.5,94533.5,95569.5,6917320.0
1763251200,2025-11-16 00:00:00+00:00,95574.5,96611.0,92966.0,94231.5,7762310.0
1763337600,2025-11-17 00:00:00+00:00,94231.5,96018.0,91259.0,92175.0,10987477.0
1763424000,2025-11-18 00:00:00+00:00,92188.5,93796.0,89240.5,92925.5,12151201.0
1763510400,2025-11-19 00:00:00+00:00,92926.5,92950.0,88578.0,91517.5,12413356.0
1763596800,2025-11-20 00:00:00+00:00,91517.5,93143.0,86075.0,86609.5,14393698.0
1763683200,2025-11-21 00:00:00+00:00,86607.0,87474.5,80608.0,85102.0,20662725.0
1763769600,2025-11-22 00:00:00+00:00,85109.5,85599.0,83468.5,84697.0,9807400.0
1763856000,2025-11-23 00:00:00+00:00,84698.0,88109.0,84630.0,86816.0,11590349.0
1763942400,2025-11-24 00:00:00+00:00,86816.0,89186.5,85234.5,88255.5,14488579.0
1764028800,2025-11-25 00:00:00+00:00,88255.5,88486.5,86070.5,87332.5,12635865.0
1764115200,2025-11-26 00:00:00+00:00,87332.5,90610.0,86269.0,90449.0,11943340.0
1764201600,2025-11-27 00:00:00+00:00,90443.0,91914.5,90034.0,91301.0,8595711.0
1764288000,2025-11-28 00:00:00+00:00,91302.0,93078.5,90164.0,90856.5,12463578.0
1764374400,2025-11-29 00:00:00+00:00,90856.5,91139.5,90110.5,90773.5,6636503.0
1764460800,2025-11-30 00:00:00+00:00,90774.5,91944.0,90309.0,90330.5,7040711.0
1764547200,2025-12-01 00:00:00+00:00,90310.0,90390.0,83796.5,86250.0,17796905.0
1764633600,2025-12-02 00:00:00+00:00,86250.0,92274.0,86150.0,91259.0,15688620.0
1764720000,2025-12-03 00:00:00+00:00,91258.0,94155.0,90966.0,93389.0,14320756.0
1764806400,2025-12-04 00:00:00+00:00,93385.5,94048.5,90845.0,92043.5,11185791.0
1764892800,2025-12-05 00:00:00+00:00,92043.5,92674.0,88008.0,89298.0,12593107.0
1764979200,2025-12-06 00:00:00+00:00,89298.0,90259.5,88878.5,89199.5,5571961.0
1765065600,2025-12-07 00:00:00+00:00,89205.5,91730.5,87696.5,90354.0,9410156.0
1765152000,2025-12-08 00:00:00+00:00,90360.0,92263.5,89564.0,90609.5,11838744.0
1765238400,2025-12-09 00:00:00+00:00,90610.0,94564.5,89489.5,92647.0,11854721.0
1765324800,2025-12-10 00:00:00+00:00,92646.0,94451.0,91531.0,91987.5,10484373.0
1765411200,2025-12-11 00:00:00+00:00,91987.5,93545.0,89227.5,92488.5,10690459.0
1765497600,2025-12-12 00:00:00+00:00,92486.5,92728.5,89437.5,90238.5,9063192.0
1765584000,2025-12-13 00:00:00+00:00,90238.5,90609.5,89720.5,90205.5,3429198.0
1765670400,2025-12-14 00:00:00+00:00,90203.0,90446.5,87528.0,88127.0,6474913.0
1765756800,2025-12-15 00:00:00+00:00,88128.0,89979.5,85093.5,86399.0,11617753.0
1765843200,2025-12-16 00:00:00+00:00,86400.0,88150.5,85234.5,87834.5,10135922.0
1765929600,2025-12-17 00:00:00+00:00,87834.5,90373.0,85278.5,86211.0,13276184.0
1766016000,2025-12-18 00:00:00+00:00,86211.0,89457.0,84422.0,85478.0,13576254.0
1766102400,2025-12-19 00:00:00+00:00,85478.0,89383.0,85085.5,88108.5,12240152.0
1766188800,2025-12-20 00:00:00+00:00,88108.5,88550.0,87841.5,88329.0,3572189.0
1766275200,2025-12-21 00:00:00+00:00,88349.0,89058.0,87557.0,88631.0,7996037.0
1766361600,2025-12-22 00:00:00+00:00,88629.5,90585.0,87853.5,88590.5,10944014.0
1766448000,2025-12-23 00:00:00+00:00,88590.5,88910.5,86546.5,87463.5,8690282.0
1766534400,2025-12-24 00:00:00+00:00,87468.0,88037.5,86382.0,87636.5,6623925.0
1766620800,2025-12-25 00:00:00+00:00,87636.5,88577.5,86911.0,87192.0,5134554.0
1766707200,2025-12-26 00:00:00+00:00,87189.0,89528.0,86628.5,87329.5,8318151.0
1766793600,2025-12-27 00:00:00+00:00,87339.0,87965.0,87211.5,87837.5,2493646.0
1766880000,2025-12-28 00:00:00+00:00,87837.5,88077.5,87413.5,87940.0,3356233.0
1766966400,2025-12-29 00:00:00+00:00,87929.5,90383.0,86768.5,87212.5,10486932.0
1767052800,2025-12-30 00:00:00+00:00,87207.0,89364.0,86799.5,88463.5,8753443.0
1767139200,2025-12-31 00:00:00+00:00,88464.5,89200.0,87221.0,87616.5,7360986.0
1767225600,2026-01-01 00:00:00+00:00,87616.5,88890.5,87524.0,88808.0,4269295.0
1767312000,2026-01-02 00:00:00+00:00,88811.0,90946.0,88335.0,89960.5,13313436.0
1767398400,2026-01-03 00:00:00+00:00,89960.5,90726.0,89269.5,90604.5,5862853.0
1767484800,2026-01-04 00:00:00+00:00,90604.5,91774.0,90604.5,91506.0,7090227.0
1767571200,2026-01-05 00:00:00+00:00,91506.0,94770.0,91489.0,93832.0,12810102.0
1767657600,2026-01-06 00:00:00+00:00,93831.0,94425.0,91218.0,93717.0,11686480.0
1767744000,2026-01-07 00:00:00+00:00,93717.0,93718.0,90645.0,91338.0,10171911.0
1767830400,2026-01-08 00:00:00+00:00,91340.0,91660.0,89271.5,91070.5,11709455.0
1767916800,2026-01-09 00:00:00+00:00,91069.5,92008.0,89657.5,90613.5,10795413.0
1768003200,2026-01-10 00:00:00+00:00,90613.5,90810.0,90367.5,90479.5,2718003.0
1768089600,2026-01-11 00:00:00+00:00,90491.5,91257.5,90195.0,90986.5,3798833.0
1768176000,2026-01-12 00:00:00+00:00,90974.0,92497.5,90087.5,91262.5,10724706.0
1768262400,2026-01-13 00:00:00+00:00,91261.5,96756.0,91019.5,95384.5,10773600.0
1768348800,2026-01-14 00:00:00+00:00,95385.5,97920.0,94429.0,96917.0,11369044.0
1768435200,2026-01-15 00:00:00+00:00,96917.0,97165.0,95100.0,95577.5,11538505.0
1768521600,2026-01-16 00:00:00+00:00,95583.5,95835.0,94243.5,95513.0,7599685.0
1768608000,2026-01-17 00:00:00+00:00,95513.0,95626.0,94986.5,95118.0,2700083.0
1768694400,2026-01-18 00:00:00+00:00,95101.5,95500.0,93559.0,93623.0,3358712.0
1768780800,2026-01-19 00:00:00+00:00,93623.0,93623.0,91807.0,92599.5,5932582.0
1768867200,2026-01-20 00:00:00+00:00,92596.0,92850.0,87800.0,88400.0,9873625.0
1768953600,2026-01-21 00:00:00+00:00,88399.0,90540.0,87227.0,89420.5,12474208.0
1769040000,2026-01-22 00:00:00+00:00,89419.5,90337.5,88482.5,89528.0,7372742.0
1769126400,2026-01-23 00:00:00+00:00,89527.5,91204.5,88538.5,89568.0,9218181.0
1769212800,2026-01-24 00:00:00+00:00,89567.0,89903.5,89125.0,89189.0,2415615.0
1769299200,2026-01-25 00:00:00+00:00,89189.0,89291.0,86035.0,86641.5,7259005.0
1769385600,2026-01-26 00:00:00+00:00,86638.0,88838.0,86471.5,88310.0,9570436.0
1769472000,2026-01-27 00:00:00+00:00,88310.0,89496.5,87276.0,89207.0,7621482.0
1769558400,2026-01-28 00:00:00+00:00,89229.0,90598.0,88808.5,89275.0,8403529.0
1769644800,2026-01-29 00:00:00+00:00,89272.0,89317.0,83345.5,84612.5,11729846.0
1769731200,2026-01-30 00:00:00+00:00,84610.0,84706.0,81063.0,84219.0,13715326.0
1769817600,2026-01-31 00:00:00+00:00,84219.0,84248.0,75561.0,78702.5,15838367.0
1769904000,2026-02-01 00:00:00+00:00,78714.0,79400.5,75657.0,76940.0,12077858.0
1769990400,2026-02-02 00:00:00+00:00,76943.5,79317.5,74565.0,78701.0,14841208.0
1770076800,2026-02-03 00:00:00+00:00,78700.5,79171.0,72909.5,75732.0,17546101.0
1770163200,2026-02-04 00:00:00+00:00,75732.0,76941.5,71846.0,73161.5,18205399.0
1770249600,2026-02-05 00:00:00+00:00,73144.0,73323.5,62239.0,62885.5,31861732.0
1770336000,2026-02-06 00:00:00+00:00,62874.0,71721.5,59835.5,70551.0,32128368.0
1770422400,2026-02-07 00:00:00+00:00,70547.0,71673.5,67276.0,69260.5,22756240.0
1770508800,2026-02-08 00:00:00+00:00,69268.0,72282.5,68855.0,70295.0,19815556.0
1770595200,2026-02-09 00:00:00+00:00,70292.0,71429.0,68278.0,70117.5,22283583.0
1770681600,2026-02-10 00:00:00+00:00,70117.5,70508.5,67889.5,68812.5,19215044.0
1770768000,2026-02-11 00:00:00+00:00,68811.5,69270.0,65725.0,67079.5,24378789.0
1770854400,2026-02-12 00:00:00+00:00,67063.0,68392.0,65088.0,66250.5,22358636.0
1770940800,2026-02-13 00:00:00+00:00,66250.5,69431.0,65840.0,68865.0,18753692.0
1771027200,2026-02-14 00:00:00+00:00,68828.0,70544.0,68698.5,69800.0,12922747.0
1771113600,2026-02-15 00:00:00+00:00,69798.0,70946.0,68045.5,68801.0,14213649.0
1771200000,2026-02-16 00:00:00+00:00,68800.5,70115.0,67258.0,68870.0,16417531.0
1771286400,2026-02-17 00:00:00+00:00,68872.5,69226.0,66605.0,67483.0,16470962.0
1771372800,2026-02-18 00:00:00+00:00,67483.0,68445.0,65832.5,66440.0,16093659.0
1771459200,2026-02-19 00:00:00+00:00,66436.0,67308.5,65602.0,66980.0,14675055.0
1771545600,2026-02-20 00:00:00+00:00,66972.5,68290.0,66420.0,67985.5,16465962.0
1771632000,2026-02-21 00:00:00+00:00,67997.0,68685.5,67497.0,67940.0,9084092.0
1771718400,2026-02-22 00:00:00+00:00,67940.0,68227.0,67169.5,67621.0,8148186.0
1771804800,2026-02-23 00:00:00+00:00,67621.0,67662.5,63865.5,64632.5,19995196.0
1771891200,2026-02-24 00:00:00+00:00,64631.5,64986.5,62488.5,64037.0,16912521.0
1771977600,2026-02-25 00:00:00+00:00,64038.0,70005.0,63882.0,67958.5,21212402.0
1772064000,2026-02-26 00:00:00+00:00,67954.0,68848.0,66475.0,67455.5,15376067.0
1772150400,2026-02-27 00:00:00+00:00,67454.5,68192.5,64888.0,65843.0,16849966.0
1772236800,2026-02-28 00:00:00+00:00,65843.0,67737.0,62990.0,66950.0,23695937.0
1772323200,2026-03-01 00:00:00+00:00,66940.0,68187.0,65020.0,65747.0,18382117.0
1772409600,2026-03-02 00:00:00+00:00,65757.5,70096.0,65246.0,68809.0,21611015.0
1772496000,2026-03-03 00:00:00+00:00,68809.0,69226.0,66147.0,68301.5,25168395.0
1772582400,2026-03-04 00:00:00+00:00,68292.5,74035.0,67366.5,72648.0,23704299.0
1772668800,2026-03-05 00:00:00+00:00,72651.5,73532.5,70619.5,70856.0,16884676.0
1772755200,2026-03-06 00:00:00+00:00,70862.5,71395.0,67718.5,68100.0,18513213.0
1772841600,2026-03-07 00:00:00+00:00,68090.5,68530.0,66866.5,67239.5,11531049.0
1772928000,2026-03-08 00:00:00+00:00,67239.5,68176.0,65580.0,65941.5,13607691.0
1773014400,2026-03-09 00:00:00+00:00,65950.0,69499.0,65780.0,68401.5,18641002.0
1773100800,2026-03-10 00:00:00+00:00,68400.5,71756.0,68354.0,69909.0,19811457.0
1773187200,2026-03-11 00:00:00+00:00,69914.0,71293.5,68940.0,70156.5,18781429.0
1773273600,2026-03-12 00:00:00+00:00,70156.5,70763.0,69172.5,70487.0,18198009.0
1773360000,2026-03-13 00:00:00+00:00,70471.5,73873.5,70349.5,70903.5,19916166.0
1773446400,2026-03-14 00:00:00+00:00,70900.0,71278.5,70273.0,71182.0,9390682.0
1773532800,2026-03-15 00:00:00+00:00,71182.0,73186.5,70825.5,72786.5,10289398.0
1773619200,2026-03-16 00:00:00+00:00,72782.0,74887.5,72251.0,74854.0,17313560.0
1773705600,2026-03-17 00:00:00+00:00,74854.0,75991.0,73352.0,73879.0,15402629.0
1773792000,2026-03-18 00:00:00+00:00,73880.0,74640.5,70463.0,71210.5,17257186.0
1773878400,2026-03-19 00:00:00+00:00,71214.5,71596.0,68756.5,69897.5,16324118.0
1773964800,2026-03-20 00:00:00+00:00,69893.5,71347.0,69361.5,70480.5,16904578.0
1774051200,2026-03-21 00:00:00+00:00,70489.0,71079.0,68518.5,68887.5,8134020.0
1774137600,2026-03-22 00:00:00+00:00,68869.5,69563.0,67319.0,67842.0,12280789.0
1774224000,2026-03-23 00:00:00+00:00,67839.5,71794.5,67418.5,70873.5,20916304.0
1774310400,2026-03-24 00:00:00+00:00,70873.5,71385.0,68892.0,70530.5,16494365.0
1774396800,2026-03-25 00:00:00+00:00,70541.0,72004.0,70383.0,71307.0,16758460.0
1774483200,2026-03-26 00:00:00+00:00,71302.5,71412.0,68123.0,68795.5,16677947.0
1774569600,2026-03-27 00:00:00+00:00,68797.0,69150.5,65525.0,66371.0,17531657.0
1774656000,2026-03-28 00:00:00+00:00,66371.5,67284.5,65900.0,66349.5,10166321.0
1774742400,2026-03-29 00:00:00+00:00,66342.0,67109.5,64946.5,65984.0,9900843.0
1774828800,2026-03-30 00:00:00+00:00,65988.0,68140.0,65765.0,66771.5,17139452.0
1774915200,2026-03-31 00:00:00+00:00,66771.5,68590.0,65961.5,68241.5,21386721.0
1775001600,2026-04-01 00:00:00+00:00,68240.5,69290.5,67544.5,68092.5,17429407.0
1775088000,2026-04-02 00:00:00+00:00,68083.0,68628.0,65700.5,66880.0,17729417.0
1775174400,2026-04-03 00:00:00+00:00,66882.5,67339.5,66246.5,66936.0,13604324.0
1775260800,2026-04-04 00:00:00+00:00,66937.0,67531.0,66752.0,67276.0,6725551.0
1775347200,2026-04-05 00:00:00+00:00,67278.5,69109.0,66582.0,69001.0,9957731.0
1775433600,2026-04-06 00:00:00+00:00,69004.0,70321.5,68257.0,68828.5,15068141.0
1775520000,2026-04-07 00:00:00+00:00,68812.5,72751.0,67717.5,71897.0,17665232.0
1775606400,2026-04-08 00:00:00+00:00,71897.0,72850.0,70678.5,71040.0,15477045.0
1775692800,2026-04-09 00:00:00+00:00,71045.0,73135.5,70434.5,71770.0,16673982.0
1775779200,2026-04-10 00:00:00+00:00,71769.0,73403.5,71402.0,72924.0,14351720.0
1775865600,2026-04-11 00:00:00+00:00,72924.0,73782.5,72474.0,73017.0,8013056.0
1775952000,2026-04-12 00:00:00+00:00,73020.0,73103.0,70478.5,70718.0,8649309.0
1776038400,2026-04-13 00:00:00+00:00,70718.0,74876.5,70528.0,74391.5,15165922.0
1776124800,2026-04-14 00:00:00+00:00,74391.5,76015.0,73780.0,74113.5,17711584.0
1776211200,2026-04-15 00:00:00+00:00,74108.0,75412.0,73493.5,74784.0,14767898.0
1776297600,2026-04-16 00:00:00+00:00,74783.0,75508.0,73264.5,75115.0,15730871.0
1776384000,2026-04-17 00:00:00+00:00,75115.0,78291.0,74491.5,77031.0,18237307.0
1776470400,2026-04-18 00:00:00+00:00,77030.0,77380.0,75398.0,75653.5,10849473.0
1776556800,2026-04-19 00:00:00+00:00,75653.5,76199.0,73723.0,73752.0,12616501.0
1776643200,2026-04-20 00:00:00+00:00,73762.0,76521.5,73675.0,75794.0,14758693.0
1776729600,2026-04-21 00:00:00+00:00,75790.0,76859.5,74777.5,76288.5,16764362.0
1776816000,2026-04-22 00:00:00+00:00,76290.0,79433.0,76094.5,78140.0,14015643.0
1776902400,2026-04-23 00:00:00+00:00,78141.0,78627.0,76805.0,78215.0,13631876.0
1776988800,2026-04-24 00:00:00+00:00,78225.0,78525.5,77205.0,77396.0,11114474.0
1777075200,2026-04-25 00:00:00+00:00,77394.0,77848.5,77105.0,77584.0,5197930.0
1777161600,2026-04-26 00:00:00+00:00,77587.0,78937.5,77279.5,78610.5,6539302.0
1777248000,2026-04-27 00:00:00+00:00,78625.0,79453.5,76411.5,77331.0,11487337.0
1777334400,2026-04-28 00:00:00+00:00,77331.0,77450.0,75637.5,76298.0,8721218.0
1777420800,2026-04-29 00:00:00+00:00,76291.0,77873.5,74869.5,75749.5,12448891.0
1777507200,2026-04-30 00:00:00+00:00,75750.0,76629.5,75284.0,76305.5,9683077.0
1777593600,2026-05-01 00:00:00+00:00,76284.5,78879.0,76270.0,78191.5,13775253.0
1777680000,2026-05-02 00:00:00+00:00,78191.5,79122.0,77991.0,78653.0,5670911.0
1777766400,2026-05-03 00:00:00+00:00,78653.0,79425.5,78027.0,78529.0,6805844.0
1777852800,2026-05-04 00:00:00+00:00,78528.0,80731.5,78155.0,79826.5,16715687.0
1777939200,2026-05-05 00:00:00+00:00,79826.5,81745.0,79761.0,80861.5,12181785.0
1778025600,2026-05-06 00:00:00+00:00,80848.5,82811.5,80686.0,81390.0,12964226.0
1778112000,2026-05-07 00:00:00+00:00,81385.0,81679.5,79470.5,79958.0,11715596.0
1778198400,2026-05-08 00:00:00+00:00,79976.0,80452.0,79146.5,80156.5,10614904.0
1778284800,2026-05-09 00:00:00+00:00,80156.5,81047.0,80080.5,80635.0,5592672.0
1778371200,2026-05-10 00:00:00+00:00,80634.0,82449.0,80227.5,82178.0,6471703.0
1778457600,2026-05-11 00:00:00+00:00,82179.0,82351.0,80414.5,81700.0,10836181.0
1778544000,2026-05-12 00:00:00+00:00,81700.0,81758.5,79801.5,80461.0,9832128.0
1778630400,2026-05-13 00:00:00+00:00,80461.0,81273.0,78717.0,79288.5,11245026.0
1778716800,2026-05-14 00:00:00+00:00,79288.5,81999.0,78876.0,81050.0,12531364.0
1778803200,2026-05-15 00:00:00+00:00,81050.0,81625.0,78613.0,79070.0,10107794.0
1778889600,2026-05-16 00:00:00+00:00,79072.5,79202.5,77603.0,78105.5,6991456.0
1778976000,2026-05-17 00:00:00+00:00,78105.0,78565.0,76682.0,77430.0,6968525.0
1779062400,2026-05-18 00:00:00+00:00,77430.5,77758.5,76017.5,76963.5,11732556.0
1779148800,2026-05-19 00:00:00+00:00,76970.0,77383.0,76107.5,76801.0,8592327.0
1779235200,2026-05-20 00:00:00+00:00,76796.0,77826.0,76485.0,77511.0,8403623.0
1779321600,2026-05-21 00:00:00+00:00,77511.0,78180.0,76699.0,77586.5,9536789.0
1779408000,2026-05-22 00:00:00+00:00,77586.5,77864.0,75329.0,75508.5,8554681.0
1779494400,2026-05-23 00:00:00+00:00,75514.5,77384.0,74209.0,76715.5,8127795.0
1779580800,2026-05-24 00:00:00+00:00,76715.5,77522.5,76060.0,77030.5,6952229.0
1779667200,2026-05-25 00:00:00+00:00,77039.0,77880.5,76871.0,77281.5,7018099.0
1779753600,2026-05-26 00:00:00+00:00,77306.5,78058.5,75641.5,75903.5,11501278.0
1779840000,2026-05-27 00:00:00+00:00,75908.5,76158.5,74216.0,74425.0,9320993.0
1779926400,2026-05-28 00:00:00+00:00,74420.0,74573.0,72563.0,73599.0,12665993.0
1780012800,2026-05-29 00:00:00+00:00,73600.0,74300.0,72495.5,73436.0,11923656.0
1780099200,2026-05-30 00:00:00+00:00,73455.5,74115.5,73159.5,73864.5,5866928.0
1780185600,2026-05-31 00:00:00+00:00,73880.5,74257.5,73363.0,73662.0,5903141.0
1780272000,2026-06-01 00:00:00+00:00,73661.0,74078.0,70658.5,71394.0,13832181.0
1780358400,2026-06-02 00:00:00+00:00,71403.5,71403.5,66160.5,66736.5,21024357.0
1780444800,2026-06-03 00:00:00+00:00,66737.5,67497.0,64066.0,64124.5,18996485.0
1780531200,2026-06-04 00:00:00+00:00,64123.5,64741.5,61351.0,63865.5,25566396.0
1780617600,2026-06-05 00:00:00+00:00,63844.0,63961.5,59090.0,61027.5,31603905.0
1780704000,2026-06-06 00:00:00+00:00,61030.5,61506.0,59456.0,60856.5,18036432.0
1780790400,2026-06-07 00:00:00+00:00,60845.5,64240.0,60714.0,63303.0,20710271.0
1780876800,2026-06-08 00:00:00+00:00,63298.0,64186.0,62383.0,63067.0,19059024.0
1780963200,2026-06-09 00:00:00+00:00,63047.0,63506.5,60761.0,61701.5,20175891.0
1781049600,2026-06-10 00:00:00+00:00,61701.5,62837.5,60706.0,61490.5,19266848.0
1781136000,2026-06-11 00:00:00+00:00,61490.5,63911.0,61490.5,63604.5,15959212.0
1781222400,2026-06-12 00:00:00+00:00,63603.5,64369.5,62809.0,63552.5,15943169.0
1781308800,2026-06-13 00:00:00+00:00,63546.0,64745.5,63376.0,64424.0,9040949.0
1781395200,2026-06-14 00:00:00+00:00,64411.5,65780.0,63656.5,65709.5,10986030.0
1781481600,2026-06-15 00:00:00+00:00,65708.5,67262.0,65321.0,66293.0,14872514.0
1781568000,2026-06-16 00:00:00+00:00,66288.5,66964.0,65333.0,65652.0,13945025.0
1781654400,2026-06-17 00:00:00+00:00,65652.0,66424.0,63888.5,64484.0,18186104.0
1781740800,2026-06-18 00:00:00+00:00,64485.0,64786.5,62245.0,62931.0,16522625.0
1781827200,2026-06-19 00:00:00+00:00,62931.0,63651.5,62280.5,63519.5,12347243.0
1781913600,2026-06-20 00:00:00+00:00,63500.5,64373.5,63150.0,64277.0,11136374.0
1782000000,2026-06-21 00:00:00+00:00,64283.5,64571.5,63242.0,63284.5,9490884.0
1782086400,2026-06-22 00:00:00+00:00,63293.0,65603.0,63292.0,63997.0,15651642.0
1782172800,2026-06-23 00:00:00+00:00,63997.0,64250.0,61887.0,62703.5,14855748.0
1782259200,2026-06-24 00:00:00+00:00,62706.0,63191.5,59068.5,61057.0,21375829.0
1782345600,2026-06-25 00:00:00+00:00,61063.0,61938.0,58066.5,59775.0,22575379.0
1782432000,2026-06-26 00:00:00+00:00,59780.0,60738.5,58302.5,60078.5,25183289.0
1782518400,2026-06-27 00:00:00+00:00,60078.5,60931.5,59823.5,60007.0,10791018.0
1782604800,2026-06-28 00:00:00+00:00,60007.0,60537.0,58893.5,59556.5,10488892.0
1782691200,2026-06-29 00:00:00+00:00,59555.5,60765.0,58863.0,60230.5,19454429.0
1782777600,2026-06-30 00:00:00+00:00,60226.5,60256.5,58175.0,58611.5,17645270.0
1782864000,2026-07-01 00:00:00+00:00,58618.5,61321.5,57766.0,59995.5,21710681.0
1782950400,2026-07-02 00:00:00+00:00,59993.5,62186.5,59560.5,61546.5,20372080.0
1783036800,2026-07-03 00:00:00+00:00,61546.5,62952.5,61235.0,62571.0,14683879.0
1783123200,2026-07-04 00:00:00+00:00,62571.0,63450.0,62314.0,63121.5,11015777.0
1783209600,2026-07-05 00:00:00+00:00,63120.5,63991.5,62417.0,63624.0,10309511.0
1783296000,2026-07-06 00:00:00+00:00,63623.0,64697.5,61303.5,64030.5,20531587.0
1783382400,2026-07-07 00:00:00+00:00,64034.5,64305.0,62650.0,63333.0,17775816.0
1783468800,2026-07-08 00:00:00+00:00,63342.0,63746.5,61527.0,62263.0,15915846.0
1783555200,2026-07-09 00:00:00+00:00,62261.0,63487.0,61672.5,63206.0,14651601.0
1783641600,2026-07-10 00:00:00+00:00,63206.5,63229.0,63106.0,63133.0,31368.0
