entry_time,exit_time,entry,exit,stop_loss,take_profit,pnl,bars,reason
2024-02-12 19:00:00+00:00,2024-02-12 20:00:00+00:00,49566.0,50166.0,50166.0,49176.67683754062,-600.0,1,stop_loss
2024-02-12 21:00:00+00:00,2024-02-13 10:00:00+00:00,49853.0,49895.760353938895,50453.0,49895.760353938895,-42.760353938894696,13,take_profit
2024-02-14 15:00:00+00:00,2024-02-14 19:00:00+00:00,51616.0,51240.682545150696,52216.0,51240.682545150696,375.31745484930434,4,take_profit
2024-02-27 03:00:00+00:00,2024-02-27 06:00:00+00:00,55685.0,56285.0,56285.0,55316.62148369438,-600.0,3,stop_loss
2024-02-27 07:00:00+00:00,2024-02-27 09:00:00+00:00,56103.0,56703.0,56703.0,55719.45976530476,-600.0,2,stop_loss
2024-02-29 00:00:00+00:00,2024-02-29 04:00:00+00:00,61386.0,61986.0,61986.0,60971.2213958433,-600.0,4,stop_loss
2024-03-01 19:00:00+00:00,2024-03-01 20:00:00+00:00,62233.0,62833.0,62833.0,61824.820885160814,-600.0,1,stop_loss
2024-03-01 21:00:00+00:00,2024-03-02 01:00:00+00:00,62541.5,62076.333292975294,63141.5,62076.333292975294,465.16670702470583,4,take_profit
2024-03-04 03:00:00+00:00,2024-03-04 07:00:00+00:00,63485.5,64085.5,64085.5,63255.897725024566,-600.0,4,stop_loss
2024-03-05 02:00:00+00:00,2024-03-05 04:00:00+00:00,68226.0,67370.8452867579,68826.0,67370.8452867579,855.1547132420965,2,take_profit
2024-03-06 09:00:00+00:00,2024-03-06 10:00:00+00:00,66170.5,66770.5,66770.5,65371.392374929965,-600.0,1,stop_loss
2024-03-06 18:00:00+00:00,2024-03-06 22:00:00+00:00,67118.0,66267.18872167809,67718.0,66267.18872167809,850.8112783219112,4,take_profit
2024-03-08 15:00:00+00:00,2024-03-08 16:00:00+00:00,67844.5,67107.62837892654,68444.5,67107.62837892654,736.8716210734565,1,take_profit
2024-03-11 13:00:00+00:00,2024-03-11 14:00:00+00:00,71523.0,72123.0,72123.0,71002.41730869559,-600.0,1,stop_loss
2024-03-11 15:00:00+00:00,2024-03-11 16:00:00+00:00,72004.0,72604.0,72604.0,71359.4252855072,-600.0,1,stop_loss
2024-03-11 22:00:00+00:00,2024-03-12 03:00:00+00:00,72496.0,71936.52484115788,73096.0,71936.52484115788,559.4751588421204,5,take_profit
2024-03-13 20:00:00+00:00,2024-03-14 00:00:00+00:00,73099.5,72792.55821294546,73699.5,72792.55821294546,306.94178705454397,4,take_profit
2024-03-14 23:00:00+00:00,2024-03-15 00:00:00+00:00,71409.0,72009.0,72009.0,70811.82935100626,-600.0,1,stop_loss
2024-03-15 01:00:00+00:00,2024-03-15 02:00:00+00:00,71678.0,70334.18071850996,72278.0,70334.18071850996,1343.8192814900394,1,take_profit
2024-03-15 19:00:00+00:00,2024-03-15 20:00:00+00:00,69000.0,67869.75276477935,69600.0,67869.75276477935,1130.2472352206532,1,take_profit
2024-03-16 01:00:00+00:00,2024-03-16 05:00:00+00:00,69406.0,68817.0755067037,70006.0,68817.0755067037,588.9244932963047,4,take_profit
2024-03-17 20:00:00+00:00,2024-03-18 00:00:00+00:00,68317.5,67778.86817179898,68917.5,67778.86817179898,538.6318282010179,4,take_profit
2024-03-18 06:00:00+00:00,2024-03-18 08:00:00+00:00,68498.0,67827.32312662456,69098.0,67827.32312662456,670.6768733754434,2,take_profit
2024-03-19 18:00:00+00:00,2024-03-19 20:00:00+00:00,64736.0,63838.39045365218,65336.0,63838.39045365218,897.6095463478196,2,take_profit
2024-03-20 08:00:00+00:00,2024-03-20 09:00:00+00:00,62709.5,63309.5,63309.5,62155.28874310123,-600.0,1,stop_loss
2024-03-20 10:00:00+00:00,2024-03-20 11:00:00+00:00,63045.5,63645.5,63645.5,62468.85368409827,-600.0,1,stop_loss
2024-03-20 13:00:00+00:00,2024-03-20 14:00:00+00:00,63621.0,64221.0,64221.0,62906.762432984506,-600.0,1,stop_loss
2024-03-20 15:00:00+00:00,2024-03-20 16:00:00+00:00,63664.5,62817.658755756056,64264.5,62817.658755756056,846.841244243944,1,take_profit
2024-03-21 02:00:00+00:00,2024-03-21 03:00:00+00:00,67565.5,66654.93528505434,68165.5,66654.93528505434,910.5647149456636,1,take_profit
2024-03-23 02:00:00+00:00,2024-03-23 03:00:00+00:00,63886.0,63298.32514381463,64486.0,63298.32514381463,587.6748561853674,1,take_profit
2024-03-23 18:00:00+00:00,2024-03-23 19:00:00+00:00,65394.0,64831.63378750619,65994.0,64831.63378750619,562.3662124938128,1,take_profit
2024-03-24 13:00:00+00:00,2024-03-24 17:00:00+00:00,65372.0,65012.538867317286,65972.0,65012.538867317286,359.4611326827144,4,take_profit
2024-03-25 00:00:00+00:00,2024-03-25 03:00:00+00:00,66616.5,67216.5,67216.5,66328.87042861003,-600.0,3,stop_loss
2024-03-26 03:00:00+00:00,2024-03-26 07:00:00+00:00,70468.0,71068.0,71068.0,70200.24663902169,-600.0,4,stop_loss
2024-03-26 10:00:00+00:00,2024-03-26 13:00:00+00:00,70920.0,70418.37057139787,71520.0,70418.37057139787,501.62942860212934,3,take_profit
2024-03-27 01:00:00+00:00,2024-03-27 07:00:00+00:00,70362.5,70008.32197695019,70962.5,70008.32197695019,354.1780230498116,6,take_profit
2024-04-07 17:00:00+00:00,2024-04-07 18:00:00+00:00,69831.5,69369.83921531797,70431.5,69369.83921531797,461.66078468202613,1,take_profit
2024-04-08 13:00:00+00:00,2024-04-08 14:00:00+00:00,71991.0,71312.65875314665,72591.0,71312.65875314665,678.3412468533497,1,take_profit
2024-04-10 18:00:00+00:00,2024-04-10 19:00:00+00:00,69339.0,69939.0,69939.0,68782.36026847144,-600.0,1,stop_loss
2024-04-13 05:00:00+00:00,2024-04-13 15:00:00+00:00,67349.5,67949.5,67949.5,67292.16958350611,-600.0,10,stop_loss
2024-04-14 07:00:00+00:00,2024-04-14 11:00:00+00:00,64457.5,63915.72198031388,65057.5,63915.72198031388,541.7780196861204,4,take_profit
2024-04-15 01:00:00+00:00,2024-04-15 06:00:00+00:00,65300.0,65900.0,65900.0,64877.36817006649,-600.0,5,stop_loss
2024-04-17 02:00:00+00:00,2024-04-17 05:00:00+00:00,63850.0,64450.0,64450.0,63554.71648372154,-600.0,3,stop_loss
2024-04-19 13:00:00+00:00,2024-04-19 14:00:00+00:00,64904.5,63999.48612418414,65504.5,63999.48612418414,905.0138758158573,1,take_profit
2024-04-20 19:00:00+00:00,2024-04-21 03:00:00+00:00,64878.5,65478.5,65478.5,64769.50920119357,-600.0,8,stop_loss
2024-04-22 07:00:00+00:00,2024-04-22 12:00:00+00:00,65992.5,65674.49035474831,66592.5,65674.49035474831,318.0096452516882,5,take_profit
2024-04-22 23:00:00+00:00,2024-04-23 03:00:00+00:00,66839.5,66502.09008972587,67439.5,66502.09008972587,337.4099102741311,4,take_profit
2024-04-29 16:00:00+00:00,2024-04-29 22:00:00+00:00,62806.0,63406.0,63406.0,62745.371794337065,-600.0,6,stop_loss
2024-05-02 13:00:00+00:00,2024-05-02 14:00:00+00:00,58460.5,59060.5,59060.5,57971.82335452929,-600.0,1,stop_loss
2024-05-04 01:00:00+00:00,2024-05-04 10:00:00+00:00,62870.5,63470.5,63470.5,62889.30043403151,-600.0,9,stop_loss
2024-05-04 13:00:00+00:00,2024-05-04 17:00:00+00:00,63742.0,63368.42740530905,64342.0,63368.42740530905,373.5725946909515,4,take_profit
2024-05-07 02:00:00+00:00,2024-05-07 03:00:00+00:00,63731.5,63216.85219821992,64331.5,63216.85219821992,514.6478017800764,1,take_profit
2024-05-09 16:00:00+00:00,2024-05-09 19:00:00+00:00,61881.0,62481.0,62481.0,61657.375067283276,-600.0,3,stop_loss
2024-05-10 00:00:00+00:00,2024-05-10 11:00:00+00:00,62851.5,62806.91304006294,63451.5,62806.91304006294,44.58695993706351,11,take_profit
2024-05-15 11:00:00+00:00,2024-05-15 12:00:00+00:00,62482.5,63082.5,63082.5,62128.168508841656,-600.0,1,stop_loss
2024-05-16 00:00:00+00:00,2024-05-16 06:00:00+00:00,66100.5,65708.96810962845,66700.5,65708.96810962845,391.53189037155244,6,take_profit
2024-05-21 04:00:00+00:00,2024-05-21 13:00:00+00:00,70943.5,70827.44304476025,71543.5,70827.44304476025,116.0569552397501,9,take_profit
2024-05-22 16:00:00+00:00,2024-05-22 17:00:00+00:00,70246.0,69781.31152242237,70846.0,69781.31152242237,464.68847757762705,1,take_profit
2024-05-28 20:00:00+00:00,2024-05-29 02:00:00+00:00,68327.0,68927.0,68927.0,68254.06463492016,-600.0,6,stop_loss
2024-05-30 14:00:00+00:00,2024-05-30 17:00:00+00:00,68379.5,68979.5,68979.5,68177.57988760779,-600.0,3,stop_loss
2024-06-04 19:00:00+00:00,2024-06-05 01:00:00+00:00,70446.0,71046.0,71046.0,70355.29323812599,-600.0,6,stop_loss
2024-06-05 02:00:00+00:00,2024-06-05 10:00:00+00:00,70874.0,70806.51430678487,71474.0,70806.51430678487,67.4856932151306,8,take_profit
2024-06-05 16:00:00+00:00,2024-06-05 18:00:00+00:00,71336.0,70919.23858735412,71936.0,70919.23858735412,416.7614126458793,2,take_profit
2024-06-11 20:00:00+00:00,2024-06-12 01:00:00+00:00,67296.0,67042.34483776122,67896.0,67042.34483776122,253.65516223877785,5,take_profit
2024-06-17 20:00:00+00:00,2024-06-18 00:00:00+00:00,66429.0,66056.56993860185,67029.0,66056.56993860185,372.4300613981468,4,take_profit
2024-06-18 23:00:00+00:00,2024-06-19 08:00:00+00:00,65176.0,65158.506882385904,65776.0,65158.506882385904,17.493117614096263,9,take_profit
2024-06-21 20:00:00+00:00,2024-06-22 09:00:00+00:00,64220.5,64229.16663730644,64820.5,64229.16663730644,-8.66663730644359,13,take_profit
2024-06-25 05:00:00+00:00,2024-06-25 14:00:00+00:00,61050.0,61650.0,61650.0,60965.868547841936,-600.0,9,stop_loss
2024-06-25 19:00:00+00:00,2024-06-26 04:00:00+00:00,61983.0,61727.80895786883,62583.0,61727.80895786883,255.19104213116952,9,take_profit
2024-07-05 12:00:00+00:00,2024-07-05 13:00:00+00:00,55053.5,55653.5,55653.5,54699.334787366475,-600.0,1,stop_loss
2024-07-08 10:00:00+00:00,2024-07-08 12:00:00+00:00,56819.5,57419.5,57419.5,56338.88182440575,-600.0,2,stop_loss
2024-07-09 19:00:00+00:00,2024-07-10 00:00:00+00:00,57861.5,57573.67046018483,58461.5,57573.67046018483,287.82953981516766,5,take_profit
2024-07-14 06:00:00+00:00,2024-07-14 12:00:00+00:00,59874.0,59748.99653525528,60474.0,59748.99653525528,125.00346474471735,6,take_profit
2024-07-14 23:00:00+00:00,2024-07-15 01:00:00+00:00,60801.0,61401.0,61401.0,60501.643567688596,-600.0,2,stop_loss
2024-07-15 15:00:00+00:00,2024-07-15 17:00:00+00:00,63011.5,63611.5,63611.5,62707.21440273264,-600.0,2,stop_loss
2024-07-15 19:00:00+00:00,2024-07-15 22:00:00+00:00,63374.0,63974.0,63974.0,63162.638714740766,-600.0,3,stop_loss
2024-07-16 20:00:00+00:00,2024-07-16 22:00:00+00:00,64631.5,64187.48010628062,65231.5,64187.48010628062,444.01989371937816,2,take_profit
2024-07-22 21:00:00+00:00,2024-07-22 23:00:00+00:00,67807.5,67345.9851834703,68407.5,67345.9851834703,461.5148165296996,2,take_profit
2024-08-02 00:00:00+00:00,2024-08-02 02:00:00+00:00,64897.5,64186.30413069912,65497.5,64186.30413069912,711.1958693008783,2,take_profit
2024-08-05 16:00:00+00:00,2024-08-05 17:00:00+00:00,54035.0,54635.0,54635.0,52544.67648418946,-600.0,1,stop_loss
2024-08-06 04:00:00+00:00,2024-08-06 07:00:00+00:00,55494.0,56094.0,56094.0,55103.4522163537,-600.0,3,stop_loss
2024-08-06 20:00:00+00:00,2024-08-06 22:00:00+00:00,56535.5,55962.63294289009,57135.5,55962.63294289009,572.8670571099065,2,take_profit
2024-08-07 02:00:00+00:00,2024-08-07 08:00:00+00:00,56745.0,57345.0,57345.0,56538.19398990321,-600.0,6,stop_loss
2024-08-08 04:00:00+00:00,2024-08-08 07:00:00+00:00,56764.0,57364.0,57364.0,56475.61181976783,-600.0,3,stop_loss
2024-08-09 00:00:00+00:00,2024-08-09 05:00:00+00:00,61198.0,60613.76231835503,61798.0,60613.76231835503,584.2376816449687,5,take_profit
2024-08-12 16:00:00+00:00,2024-08-12 18:00:00+00:00,59605.0,58764.097960715735,60205.0,58764.097960715735,840.9020392842649,2,take_profit
2024-08-13 20:00:00+00:00,2024-08-14 03:00:00+00:00,60567.5,61167.5,61167.5,60460.5480983359,-600.0,7,stop_loss
2024-08-16 03:00:00+00:00,2024-08-16 06:00:00+00:00,57883.0,58483.0,58483.0,57734.65430323588,-600.0,3,stop_loss
2024-08-16 20:00:00+00:00,2024-08-16 23:00:00+00:00,59256.5,58757.03497590929,59856.5,58757.03497590929,499.4650240907067,3,take_profit
2024-08-19 19:00:00+00:00,2024-08-19 23:00:00+00:00,58957.5,59557.5,59557.5,58815.97672278548,-600.0,4,stop_loss
2024-08-21 23:00:00+00:00,2024-08-22 02:00:00+00:00,61143.0,60420.14997357525,61743.0,60420.14997357525,722.8500264247486,3,take_profit
2024-08-24 00:00:00+00:00,2024-08-24 11:00:00+00:00,63966.5,63946.530629771805,64566.5,63946.530629771805,19.969370228194748,11,take_profit
2024-08-28 10:00:00+00:00,2024-08-28 13:00:00+00:00,59754.5,59402.802751198076,60354.5,59402.802751198076,351.6972488019237,3,take_profit
2024-09-09 23:00:00+00:00,2024-09-10 03:00:00+00:00,57039.0,56581.405243679386,57639.0,56581.405243679386,457.59475632061367,4,take_profit
2024-09-10 20:00:00+00:00,2024-09-11 01:00:00+00:00,57561.5,57178.195358385376,58161.5,57178.195358385376,383.3046416146244,5,take_profit
2024-09-11 20:00:00+00:00,2024-09-12 02:00:00+00:00,57481.5,58081.5,58081.5,57373.440120974585,-600.0,6,stop_loss
2024-09-12 18:00:00+00:00,2024-09-12 21:00:00+00:00,58165.0,57862.414481239524,58765.0,57862.414481239524,302.5855187604757,3,take_profit
2024-09-17 18:00:00+00:00,2024-09-17 19:00:00+00:00,60537.0,59825.10255769283,61137.0,59825.10255769283,711.8974423071704,1,take_profit
2024-09-18 19:00:00+00:00,2024-09-18 20:00:00+00:00,60058.5,59593.91614975592,60658.5,59593.91614975592,464.583850244082,1,take_profit
2024-09-19 05:00:00+00:00,2024-09-19 10:00:00+00:00,61991.0,62591.0,62591.0,61842.911070874114,-600.0,5,stop_loss
2024-09-19 14:00:00+00:00,2024-09-19 16:00:00+00:00,62936.5,63536.5,63536.5,62567.28143213878,-600.0,2,stop_loss
2024-09-23 04:00:00+00:00,2024-09-23 07:00:00+00:00,63906.5,63448.686075212936,64506.5,63448.686075212936,457.813924787064,3,take_profit
2024-09-26 17:00:00+00:00,2024-09-27 02:00:00+00:00,65132.5,64821.920315705436,65732.5,64821.920315705436,310.5796842945638,9,take_profit
2024-09-27 15:00:00+00:00,2024-09-27 18:00:00+00:00,66000.0,65590.37734631862,66600.0,65590.37734631862,409.6226536813774,3,take_profit
2024-10-02 16:00:00+00:00,2024-10-02 18:00:00+00:00,61798.0,61095.03193808312,62398.0,61095.03193808312,702.9680619168794,2,take_profit
2024-10-04 02:00:00+00:00,2024-10-04 08:00:00+00:00,61033.5,61633.5,61633.5,60988.507110389124,-600.0,6,stop_loss
2024-10-07 15:00:00+00:00,2024-10-07 18:00:00+00:00,63645.0,63165.54735129164,64245.0,63165.54735129164,479.4526487083567,3,take_profit
2024-10-14 17:00:00+00:00,2024-10-14 22:00:00+00:00,65645.5,66245.5,66245.5,65569.76587377506,-600.0,5,stop_loss
2024-10-15 17:00:00+00:00,2024-10-15 21:00:00+00:00,66813.0,66142.6599107225,67413.0,66142.6599107225,670.3400892774953,4,take_profit
2024-10-16 00:00:00+00:00,2024-10-16 01:00:00+00:00,66886.0,67486.0,67486.0,66484.9107522702,-600.0,1,stop_loss
2024-10-17 16:00:00+00:00,2024-10-17 18:00:00+00:00,67369.0,66927.39893924519,67969.0,66927.39893924519,441.6010607548087,2,take_profit
2024-10-24 03:00:00+00:00,2024-10-24 08:00:00+00:00,67219.0,66980.98732446884,67819.0,66980.98732446884,238.01267553116486,5,take_profit
2024-10-29 07:00:00+00:00,2024-10-29 13:00:00+00:00,71033.0,71633.0,71633.0,70946.3140739894,-600.0,6,stop_loss
2024-10-29 19:00:00+00:00,2024-10-29 20:00:00+00:00,72550.5,72007.92476711338,73150.5,72007.92476711338,542.575232886622,1,take_profit
2024-10-30 21:00:00+00:00,2024-10-31 01:00:00+00:00,72421.5,72066.16938899967,73021.5,72066.16938899967,355.3306110003323,4,take_profit
2024-11-03 22:00:00+00:00,2024-11-04 00:00:00+00:00,68868.0,68359.80005363541,69468.0,68359.80005363541,508.1999463645916,2,take_profit
2024-11-06 07:00:00+00:00,2024-11-06 09:00:00+00:00,73458.5,74058.5,74058.5,72779.0254838233,-600.0,2,stop_loss
2024-11-06 22:00:00+00:00,2024-11-07 03:00:00+00:00,75636.0,75082.50682436282,76236.0,75082.50682436282,553.4931756371807,5,take_profit
2024-11-10 23:00:00+00:00,2024-11-11 01:00:00+00:00,80418.5,81018.5,81018.5,79842.23773436015,-600.0,2,stop_loss
2024-11-11 13:00:00+00:00,2024-11-11 14:00:00+00:00,81856.5,82456.5,82456.5,81382.43355184092,-600.0,1,stop_loss
2024-11-12 02:00:00+00:00,2024-11-12 04:00:00+00:00,87778.5,88378.5,88378.5,87055.26336722847,-600.0,2,stop_loss
2024-11-12 07:00:00+00:00,2024-11-12 09:00:00+00:00,89102.5,88009.00957531897,89702.5,88009.00957531897,1093.490424681033,2,take_profit
2024-11-12 21:00:00+00:00,2024-11-12 23:00:00+00:00,88329.0,87543.89737985289,88929.0,87543.89737985289,785.1026201471104,2,take_profit
2024-11-14 08:00:00+00:00,2024-11-14 10:00:00+00:00,90595.5,91195.5,91195.5,90026.87557453105,-600.0,2,stop_loss
2024-11-14 12:00:00+00:00,2024-11-14 14:00:00+00:00,91279.0,90012.87094260768,91879.0,90012.87094260768,1266.129057392318,2,take_profit
2024-11-15 23:00:00+00:00,2024-11-16 02:00:00+00:00,91074.5,91674.5,91674.5,90641.88623733734,-600.0,3,stop_loss
2024-11-16 19:00:00+00:00,2024-11-16 20:00:00+00:00,91169.5,90730.05070263821,91769.5,90730.05070263821,439.4492973617889,1,take_profit
2024-11-18 04:00:00+00:00,2024-11-18 06:00:00+00:00,90503.0,91103.0,91103.0,90277.31455870536,-600.0,2,stop_loss
2024-11-18 16:00:00+00:00,2024-11-18 17:00:00+00:00,91502.0,92102.0,92102.0,90577.42774611781,-600.0,1,stop_loss
2024-11-19 07:00:00+00:00,2024-11-19 09:00:00+00:00,91696.0,91281.4562757669,92296.0,91281.4562757669,414.5437242330954,2,take_profit
2024-11-20 06:00:00+00:00,2024-11-20 08:00:00+00:00,92405.0,93005.0,93005.0,92186.1505741395,-600.0,2,stop_loss
2024-11-21 19:00:00+00:00,2024-11-21 20:00:00+00:00,97891.5,98491.5,98491.5,97185.12664937435,-600.0,1,stop_loss
2024-11-22 04:00:00+00:00,2024-11-22 07:00:00+00:00,98848.0,99448.0,99448.0,98442.01467935911,-600.0,3,stop_loss
2024-11-25 04:00:00+00:00,2024-11-25 09:00:00+00:00,97860.0,98460.0,98460.0,97784.50497952514,-600.0,5,stop_loss
2024-11-25 10:00:00+00:00,2024-11-25 12:00:00+00:00,98400.5,97935.52291903584,99000.5,97935.52291903584,464.9770809641632,2,take_profit
2024-11-26 17:00:00+00:00,2024-11-26 18:00:00+00:00,93636.5,92550.04103148083,94236.5,92550.04103148083,1086.458968519175,1,take_profit
2024-11-27 03:00:00+00:00,2024-11-27 04:00:00+00:00,92645.0,93245.0,93245.0,92171.47596869463,-600.0,1,stop_loss
2024-11-27 21:00:00+00:00,2024-11-28 02:00:00+00:00,96322.0,95742.51931438022,96922.0,95742.51931438022,579.4806856197829,5,take_profit
2024-11-29 04:00:00+00:00,2024-11-29 07:00:00+00:00,96321.5,95863.0587540774,96921.5,95863.0587540774,458.4412459226005,3,take_profit
2024-11-29 16:00:00+00:00,2024-11-29 17:00:00+00:00,97824.0,97014.3317517835,98424.0,97014.3317517835,809.6682482165052,1,take_profit
2024-12-01 22:00:00+00:00,2024-12-02 01:00:00+00:00,97589.0,98189.0,98189.0,97209.26554047599,-600.0,3,stop_loss
2024-12-02 02:00:00+00:00,2024-12-02 03:00:00+00:00,97735.0,97086.11125288054,98335.0,97086.11125288054,648.8887471194612,1,take_profit
2024-12-02 16:00:00+00:00,2024-12-02 17:00:00+00:00,96225.5,95304.87101226383,96825.5,95304.87101226383,920.6289877361705,1,take_profit
2024-12-03 18:00:00+00:00,2024-12-03 21:00:00+00:00,95548.5,96148.5,96148.5,95145.04923813697,-600.0,3,stop_loss
2024-12-03 23:00:00+00:00,2024-12-04 01:00:00+00:00,95913.0,96513.0,96513.0,95481.75312006811,-600.0,2,stop_loss
2024-12-05 06:00:00+00:00,2024-12-05 07:00:00+00:00,101968.5,102568.5,102568.5,100542.18290376065,-600.0,1,stop_loss
2024-12-05 10:00:00+00:00,2024-12-05 12:00:00+00:00,102388.0,102988.0,102988.0,101910.94514832606,-600.0,2,stop_loss
2024-12-06 16:00:00+00:00,2024-12-06 17:00:00+00:00,99056.0,99656.0,99656.0,98354.5330775882,-600.0,1,stop_loss
2024-12-06 21:00:00+00:00,2024-12-06 23:00:00+00:00,100473.5,99833.2396786194,101073.5,99833.2396786194,640.2603213805996,2,take_profit
2024-12-11 07:00:00+00:00,2024-12-11 08:00:00+00:00,97337.5,97937.5,97937.5,96965.31740966672,-600.0,1,stop_loss
2024-12-11 17:00:00+00:00,2024-12-11 18:00:00+00:00,99763.5,100363.5,100363.5,99033.51944641978,-600.0,1,stop_loss
2024-12-12 03:00:00+00:00,2024-12-12 06:00:00+00:00,100999.5,100496.03637338632,101599.5,100496.03637338632,503.4636266136804,3,take_profit
2024-12-12 16:00:00+00:00,2024-12-12 18:00:00+00:00,101450.0,100829.27003730416,102050.0,100829.27003730416,620.7299626958411,2,take_profit
2024-12-13 11:00:00+00:00,2024-12-13 13:00:00+00:00,100331.0,99920.64955992134,100931.0,99920.64955992134,410.35044007866236,2,take_profit
2024-12-15 05:00:00+00:00,2024-12-15 07:00:00+00:00,102117.5,101558.02804825001,102717.5,101558.02804825001,559.4719517499907,2,take_profit
2024-12-16 02:00:00+00:00,2024-12-16 06:00:00+00:00,104583.0,105183.0,105183.0,104278.61426864882,-600.0,4,stop_loss
2024-12-16 19:00:00+00:00,2024-12-16 23:00:00+00:00,106546.5,105560.30205239863,107146.5,105560.30205239863,986.1979476013657,4,take_profit
2024-12-17 04:00:00+00:00,2024-12-17 07:00:00+00:00,106465.5,107065.5,107065.5,106178.93819334044,-600.0,3,stop_loss
2024-12-19 12:00:00+00:00,2024-12-19 14:00:00+00:00,101984.0,102584.0,102584.0,101323.96904420949,-600.0,2,stop_loss
2024-12-21 01:00:00+00:00,2024-12-21 06:00:00+00:00,97306.0,97906.0,97906.0,97168.2868490161,-600.0,5,stop_loss
2024-12-23 05:00:00+00:00,2024-12-23 06:00:00+00:00,95573.0,94780.11449843334,96173.0,94780.11449843334,792.8855015666632,1,take_profit
2024-12-23 11:00:00+00:00,2024-12-23 13:00:00+00:00,95905.0,95281.68537249212,96505.0,95281.68537249212,623.3146275078761,2,take_profit
2024-12-24 00:00:00+00:00,2024-12-24 02:00:00+00:00,94526.0,93744.80195264985,95126.0,93744.80195264985,781.1980473501462,2,take_profit
2024-12-24 19:00:00+00:00,2024-12-24 21:00:00+00:00,97569.5,98169.5,98169.5,97034.84836407249,-600.0,2,stop_loss
2024-12-25 00:00:00+00:00,2024-12-25 02:00:00+00:00,98405.5,97759.46309768101,99005.5,97759.46309768101,646.0369023189851,2,take_profit
2024-12-27 04:00:00+00:00,2024-12-27 07:00:00+00:00,96224.5,95573.33205209996,96824.5,95573.33205209996,651.167947900045,3,take_profit
2024-12-27 10:00:00+00:00,2024-12-27 14:00:00+00:00,96572.5,95831.65097331439,97172.5,95831.65097331439,740.8490266856097,4,take_profit
2024-12-31 16:00:00+00:00,2024-12-31 17:00:00+00:00,94832.5,94050.20527992625,95432.5,94050.20527992625,782.2947200737544,1,take_profit
2025-01-01 16:00:00+00:00,2025-01-01 19:00:00+00:00,94070.0,94670.0,94670.0,93793.44027012732,-600.0,3,stop_loss
2025-01-02 01:00:00+00:00,2025-01-02 04:00:00+00:00,94846.5,95446.5,95446.5,94665.512768494,-600.0,3,stop_loss
2025-01-03 20:00:00+00:00,2025-01-04 00:00:00+00:00,98263.0,97871.25410844697,98863.0,97871.25410844697,391.74589155302965,4,take_profit
2025-01-06 21:00:00+00:00,2025-01-06 23:00:00+00:00,101565.5,102165.5,102165.5,101314.24431759464,-600.0,2,stop_loss
2025-01-07 00:00:00+00:00,2025-01-07 03:00:00+00:00,102000.0,101504.54345473932,102600.0,101504.54345473932,495.45654526067665,3,take_profit
2025-01-08 23:00:00+00:00,2025-01-09 02:00:00+00:00,95048.0,94244.00683900499,95648.0,94244.00683900499,803.9931609950145,3,take_profit
2025-01-10 18:00:00+00:00,2025-01-11 01:00:00+00:00,94820.5,94261.79878359742,95420.5,94261.79878359742,558.70121640258,7,take_profit
2025-01-14 05:00:00+00:00,2025-01-14 08:00:00+00:00,94886.0,95486.0,95486.0,94551.21100880051,-600.0,3,stop_loss
2025-01-15 17:00:00+00:00,2025-01-15 18:00:00+00:00,98595.5,99195.5,99195.5,98112.14595264397,-600.0,1,stop_loss
2025-01-15 20:00:00+00:00,2025-01-15 23:00:00+00:00,99534.5,100134.5,100134.5,99083.42715416159,-600.0,3,stop_loss
2025-01-16 00:00:00+00:00,2025-01-16 03:00:00+00:00,99831.5,99300.24624251518,100431.5,99300.24624251518,531.2537574848247,3,take_profit
2025-01-16 21:00:00+00:00,2025-01-17 01:00:00+00:00,100101.5,100701.5,100701.5,99609.85707773436,-600.0,4,stop_loss
2025-01-17 03:00:00+00:00,2025-01-17 05:00:00+00:00,101005.5,101605.5,101605.5,100489.70337504041,-600.0,2,stop_loss
2025-01-17 09:00:00+00:00,2025-01-17 10:00:00+00:00,101801.0,102401.0,102401.0,101250.00122989896,-600.0,1,stop_loss
2025-01-17 13:00:00+00:00,2025-01-17 14:00:00+00:00,102419.5,103019.5,103019.5,101857.43879789475,-600.0,1,stop_loss
2025-01-17 20:00:00+00:00,2025-01-18 03:00:00+00:00,104642.5,103803.86831864982,105242.5,103803.86831864982,838.6316813501762,7,take_profit
2025-01-18 14:00:00+00:00,2025-01-18 15:00:00+00:00,103947.5,104547.5,104547.5,103287.64416024351,-600.0,1,stop_loss
2025-01-19 07:00:00+00:00,2025-01-19 08:00:00+00:00,105151.5,104478.67970459498,105751.5,104478.67970459498,672.8202954050212,1,take_profit
2025-01-21 20:00:00+00:00,2025-01-21 21:00:00+00:00,106104.0,106704.0,106704.0,105014.44099306462,-600.0,1,stop_loss
2025-01-21 22:00:00+00:00,2025-01-22 04:00:00+00:00,105966.5,105448.1470512879,106566.5,105448.1470512879,518.3529487120977,6,take_profit
2025-01-24 09:00:00+00:00,2025-01-24 13:00:00+00:00,105112.5,105712.5,105712.5,104783.3608644464,-600.0,4,stop_loss
2025-01-24 18:00:00+00:00,2025-01-24 20:00:00+00:00,106275.0,105236.97551988917,106875.0,105236.97551988917,1038.0244801108347,2,take_profit
2025-01-27 13:00:00+00:00,2025-01-27 14:00:00+00:00,100440.0,101040.0,101040.0,99353.06491680094,-600.0,1,stop_loss
2025-01-27 15:00:00+00:00,2025-01-27 16:00:00+00:00,101071.0,99641.69359164502,101671.0,99641.69359164502,1429.3064083549834,1,take_profit
2025-01-28 00:00:00+00:00,2025-01-28 03:00:00+00:00,101813.0,102413.0,102413.0,101160.35787249485,-600.0,3,stop_loss
2025-01-28 06:00:00+00:00,2025-01-28 14:00:00+00:00,102698.5,102238.18680226989,103298.5,102238.18680226989,460.3131977301091,8,take_profit
2025-01-30 07:00:00+00:00,2025-01-30 14:00:00+00:00,105085.5,105685.5,105685.5,104751.27051322811,-600.0,7,stop_loss
2025-01-30 15:00:00+00:00,2025-01-30 17:00:00+00:00,105519.5,104964.74181898111,106119.5,104964.74181898111,554.7581810188858,2,take_profit
2025-01-31 16:00:00+00:00,2025-01-31 18:00:00+00:00,105041.5,103973.27734075271,105641.5,103973.27734075271,1068.222659247287,2,take_profit
2025-02-03 11:00:00+00:00,2025-02-03 13:00:00+00:00,95070.5,94477.30111496599,95670.5,94477.30111496599,593.1988850340131,2,take_profit
2025-02-04 00:00:00+00:00,2025-02-04 01:00:00+00:00,101026.0,101626.0,101626.0,100181.58600064834,-600.0,1,stop_loss
2025-02-07 03:00:00+00:00,2025-02-07 06:00:00+00:00,97410.5,96787.85678954949,98010.5,96787.85678954949,622.6432104505075,3,take_profit
2025-02-07 15:00:00+00:00,2025-02-07 17:00:00+00:00,98247.0,97403.01440015584,98847.0,97403.01440015584,843.9855998441635,2,take_profit
2025-02-10 11:00:00+00:00,2025-02-10 13:00:00+00:00,97627.5,98227.5,98227.5,97146.9983019715,-600.0,2,stop_loss
2025-02-12 20:00:00+00:00,2025-02-12 21:00:00+00:00,96980.5,97580.5,97580.5,96230.46384903844,-600.0,1,stop_loss
2025-02-13 22:00:00+00:00,2025-02-14 00:00:00+00:00,96308.5,96908.5,96908.5,96021.5663671861,-600.0,2,stop_loss
2025-02-14 19:00:00+00:00,2025-02-14 20:00:00+00:00,97894.0,97066.25065648268,98494.0,97066.25065648268,827.7493435173237,1,take_profit
2025-02-19 00:00:00+00:00,2025-02-19 02:00:00+00:00,95290.5,95890.5,95890.5,94901.14504658678,-600.0,2,stop_loss
2025-02-27 08:00:00+00:00,2025-02-27 10:00:00+00:00,86037.5,86637.5,86637.5,85494.60201928415,-600.0,2,stop_loss
2025-02-27 12:00:00+00:00,2025-02-27 13:00:00+00:00,86286.5,85780.1639130514,86886.5,85780.1639130514,506.33608694860595,1,take_profit
2025-03-01 05:00:00+00:00,2025-03-01 11:00:00+00:00,85544.0,84649.57011259887,86144.0,84649.57011259887,894.4298874011292,6,take_profit
2025-03-02 07:00:00+00:00,2025-03-02 08:00:00+00:00,86191.0,85700.42674708412,86791.0,85700.42674708412,490.57325291588495,1,take_profit
2025-03-03 00:00:00+00:00,2025-03-03 06:00:00+00:00,93276.5,92229.99043327184,93876.5,92229.99043327184,1046.5095667281566,6,take_profit
2025-03-05 02:00:00+00:00,2025-03-05 09:00:00+00:00,87427.5,88027.5,88027.5,87101.13584518364,-600.0,7,stop_loss
2025-03-05 13:00:00+00:00,2025-03-05 14:00:00+00:00,89423.0,88379.70638198787,90023.0,88379.70638198787,1043.2936180121324,1,take_profit
2025-03-06 06:00:00+00:00,2025-03-06 08:00:00+00:00,91876.5,91097.99372937389,92476.5,91097.99372937389,778.5062706261087,2,take_profit
2025-03-06 23:00:00+00:00,2025-03-07 00:00:00+00:00,89887.5,90487.5,90487.5,88122.02658961344,-600.0,1,stop_loss
2025-03-07 11:00:00+00:00,2025-03-07 13:00:00+00:00,88929.0,89529.0,89529.0,88347.0906996197,-600.0,2,stop_loss
2025-03-10 05:00:00+00:00,2025-03-10 08:00:00+00:00,82269.0,81603.66422431747,82869.0,81603.66422431747,665.335775682528,3,take_profit
2025-03-10 12:00:00+00:00,2025-03-10 13:00:00+00:00,83208.5,81753.3419298905,83808.5,81753.3419298905,1455.1580701094936,1,take_profit
2025-03-11 06:00:00+00:00,2025-03-11 08:00:00+00:00,80062.5,80662.5,80662.5,79546.41239980567,-600.0,2,stop_loss
2025-03-11 12:00:00+00:00,2025-03-11 13:00:00+00:00,81201.5,81801.5,81801.5,80565.94647163429,-600.0,1,stop_loss
2025-03-11 23:00:00+00:00,2025-03-12 01:00:00+00:00,82896.0,83496.0,83496.0,82304.19292511095,-600.0,2,stop_loss
2025-03-12 09:00:00+00:00,2025-03-12 12:00:00+00:00,82625.0,83225.0,83225.0,82189.96644847328,-600.0,3,stop_loss
2025-03-13 00:00:00+00:00,2025-03-13 01:00:00+00:00,83407.5,84007.5,84007.5,82895.09376173108,-600.0,1,stop_loss
2025-03-13 02:00:00+00:00,2025-03-13 04:00:00+00:00,83747.0,83170.38156416154,84347.0,83170.38156416154,576.6184358384635,2,take_profit
2025-03-13 23:00:00+00:00,2025-03-14 01:00:00+00:00,81085.0,81685.0,81685.0,80803.74927643205,-600.0,2,stop_loss
2025-03-14 06:00:00+00:00,2025-03-14 08:00:00+00:00,82000.0,82600.0,82600.0,81679.83822127232,-600.0,2,stop_loss
2025-03-20 00:00:00+00:00,2025-03-20 04:00:00+00:00,85979.0,85452.25977718252,86579.0,85452.25977718252,526.740222817476,4,take_profit
2025-03-21 02:00:00+00:00,2025-03-21 03:00:00+00:00,84641.0,84228.56081493296,85241.0,84228.56081493296,412.4391850670363,1,take_profit
2025-03-24 16:00:00+00:00,2025-03-24 22:00:00+00:00,88008.0,87604.81441989291,88608.0,87604.81441989291,403.1855801070924,6,take_profit
2025-03-25 15:00:00+00:00,2025-03-25 20:00:00+00:00,87723.5,88323.5,88323.5,87518.84075338294,-600.0,5,stop_loss
2025-03-26 08:00:00+00:00,2025-03-26 12:00:00+00:00,87918.0,87644.59448652799,88518.0,87644.59448652799,273.4055134720111,4,take_profit
2025-03-26 21:00:00+00:00,2025-03-26 23:00:00+00:00,87064.0,86543.12914041847,87664.0,86543.12914041847,520.870859581526,2,take_profit
2025-04-01 19:00:00+00:00,2025-04-02 02:00:00+00:00,84912.0,84723.5099513224,85512.0,84723.5099513224,188.49004867760232,7,take_profit
2025-04-02 18:00:00+00:00,2025-04-02 19:00:00+00:00,86245.5,86845.5,86845.5,85737.32350873665,-600.0,1,stop_loss
2025-04-04 18:00:00+00:00,2025-04-05 00:00:00+00:00,83950.0,83450.19608482445,84550.0,83450.19608482445,499.8039151755511,6,take_profit
2025-04-07 15:00:00+00:00,2025-04-07 17:00:00+00:00,78444.5,79044.5,79044.5,76943.93366816813,-600.0,2,stop_loss
2025-04-07 18:00:00+00:00,2025-04-07 20:00:00+00:00,78448.0,79048.0,79048.0,77545.79457912437,-600.0,2,stop_loss
2025-04-07 23:00:00+00:00,2025-04-08 01:00:00+00:00,79140.5,79740.5,79740.5,78511.10581874958,-600.0,2,stop_loss
2025-04-08 02:00:00+00:00,2025-04-08 06:00:00+00:00,79911.5,79258.30087716515,80511.5,79258.30087716515,653.1991228348488,4,take_profit
2025-04-09 08:00:00+00:00,2025-04-09 11:00:00+00:00,77265.5,76400.01312464375,77865.5,76400.01312464375,865.4868753562478,3,take_profit
2025-04-10 00:00:00+00:00,2025-04-10 03:00:00+00:00,82306.5,81629.79129001405,82906.5,81629.79129001405,676.7087099859491,3,take_profit
2025-04-11 02:00:00+00:00,2025-04-11 03:00:00+00:00,80254.0,80854.0,80854.0,79645.02045669284,-600.0,1,stop_loss
2025-04-11 11:00:00+00:00,2025-04-11 13:00:00+00:00,82096.5,82696.5,82696.5,81435.37450457993,-600.0,2,stop_loss
2025-04-11 21:00:00+00:00,2025-04-12 02:00:00+00:00,83634.0,83008.81733339583,84234.0,83008.81733339583,625.1826666041743,5,take_profit
2025-04-12 16:00:00+00:00,2025-04-12 19:00:00+00:00,84624.0,85224.0,85224.0,84330.28485355953,-600.0,3,stop_loss
2025-04-14 03:00:00+00:00,2025-04-14 12:00:00+00:00,84536.5,85136.5,85136.5,84355.0113383706,-600.0,9,stop_loss
2025-04-17 18:00:00+00:00,2025-04-18 03:00:00+00:00,84867.5,84693.07685569464,85467.5,84693.07685569464,174.4231443053577,9,take_profit
2025-04-21 09:00:00+00:00,2025-04-21 11:00:00+00:00,87473.5,86937.48938793261,88073.5,86937.48938793261,536.0106120673881,2,take_profit
2025-04-22 06:00:00+00:00,2025-04-22 12:00:00+00:00,88196.0,88796.0,88796.0,88179.06263279237,-600.0,6,stop_loss
2025-04-22 20:00:00+00:00,2025-04-22 21:00:00+00:00,91054.0,91654.0,91654.0,90502.94064293045,-600.0,1,stop_loss
2025-04-23 00:00:00+00:00,2025-04-23 01:00:00+00:00,92855.5,93455.5,93455.5,91856.77084037129,-600.0,1,stop_loss
2025-04-23 09:00:00+00:00,2025-04-23 13:00:00+00:00,93850.0,94450.0,94450.0,93194.65858742443,-600.0,4,stop_loss
2025-04-25 13:00:00+00:00,2025-04-25 14:00:00+00:00,94343.5,94943.5,94943.5,93803.50364122345,-600.0,1,stop_loss
2025-04-28 20:00:00+00:00,2025-04-28 23:00:00+00:00,94420.0,95020.0,95020.0,94255.92601000349,-600.0,3,stop_loss
2025-04-29 19:00:00+00:00,2025-04-29 20:00:00+00:00,95250.5,94801.99104049207,95850.5,94801.99104049207,448.50895950793347,1,take_profit
2025-05-01 17:00:00+00:00,2025-05-01 23:00:00+00:00,96746.5,96223.76429543048,97346.5,96223.76429543048,522.7357045695244,6,take_profit
2025-05-02 15:00:00+00:00,2025-05-02 19:00:00+00:00,97270.5,96859.79544108368,97870.5,96859.79544108368,410.7045589163172,4,take_profit
2025-05-05 07:00:00+00:00,2025-05-05 10:00:00+00:00,94696.5,94275.53937276523,95296.5,94275.53937276523,420.9606272347737,3,take_profit
2025-05-07 02:00:00+00:00,2025-05-07 13:00:00+00:00,96591.5,97191.5,97191.5,96657.62229822819,-600.0,11,stop_loss
2025-05-07 23:00:00+00:00,2025-05-08 00:00:00+00:00,96997.5,97597.5,97597.5,96612.27100549336,-600.0,1,stop_loss
2025-05-09 02:00:00+00:00,2025-05-09 06:00:00+00:00,102585.5,103185.5,103185.5,102395.65475812947,-600.0,4,stop_loss
2025-05-11 01:00:00+00:00,2025-05-11 02:00:00+00:00,104100.5,103487.85739377051,104700.5,103487.85739377051,612.6426062294922,1,take_profit
2025-05-13 05:00:00+00:00,2025-05-13 09:00:00+00:00,102440.0,103040.0,103040.0,102323.51071929537,-600.0,4,stop_loss
2025-05-13 21:00:00+00:00,2025-05-13 23:00:00+00:00,104312.5,103867.24100113797,104912.5,103867.24100113797,445.25899886203115,2,take_profit
2025-05-16 03:00:00+00:00,2025-05-16 08:00:00+00:00,103989.0,103504.47144994272,104589.0,103504.47144994272,484.52855005727906,5,take_profit
2025-05-16 16:00:00+00:00,2025-05-16 19:00:00+00:00,104109.5,103583.95332468004,104709.5,103583.95332468004,525.546675319958,3,take_profit
2025-05-19 00:00:00+00:00,2025-05-19 03:00:00+00:00,105237.0,104311.01198313825,105837.0,104311.01198313825,925.9880168617528,3,take_profit
2025-05-19 18:00:00+00:00,2025-05-19 19:00:00+00:00,104751.0,105351.0,105351.0,104078.19364918838,-600.0,1,stop_loss
2025-05-20 02:00:00+00:00,2025-05-20 06:00:00+00:00,106071.0,105490.69142834304,106671.0,105490.69142834304,580.3085716569622,4,take_profit
2025-05-20 21:00:00+00:00,2025-05-21 00:00:00+00:00,106577.0,107177.0,107177.0,105927.88243714196,-600.0,3,stop_loss
2025-05-21 20:00:00+00:00,2025-05-21 22:00:00+00:00,108211.0,108811.0,108811.0,107423.01981385102,-600.0,2,stop_loss
2025-05-22 05:00:00+00:00,2025-05-22 12:00:00+00:00,110855.0,111455.0,111455.0,110404.03215557126,-600.0,7,stop_loss
2025-05-24 05:00:00+00:00,2025-05-24 06:00:00+00:00,108204.5,107767.70164789964,108804.5,107767.70164789964,436.79835210036254,1,take_profit
2025-05-24 12:00:00+00:00,2025-05-24 21:00:00+00:00,108752.5,108652.75111470767,109352.5,108652.75111470767,99.74888529232703,9,take_profit
2025-06-09 13:00:00+00:00,2025-06-09 14:00:00+00:00,106991.5,107591.5,107591.5,106583.20761699033,-600.0,1,stop_loss
2025-06-10 01:00:00+00:00,2025-06-10 05:00:00+00:00,109754.0,109211.70514555364,110354.0,109211.70514555364,542.2948544463579,4,take_profit
2025-06-11 00:00:00+00:00,2025-06-11 05:00:00+00:00,109794.0,109442.25390512942,110394.0,109442.25390512942,351.7460948705848,5,take_profit
2025-06-13 17:00:00+00:00,2025-06-13 18:00:00+00:00,105338.5,104681.70857328759,105938.5,104681.70857328759,656.7914267124142,1,take_profit
2025-06-14 00:00:00+00:00,2025-06-14 02:00:00+00:00,105769.5,105300.14756622222,106369.5,105300.14756622222,469.35243377777806,2,take_profit
2025-06-18 22:00:00+00:00,2025-06-19 12:00:00+00:00,104774.0,104642.99829383331,105374.0,104642.99829383331,131.00170616668765,14,take_profit
2025-06-23 14:00:00+00:00,2025-06-23 16:00:00+00:00,101596.0,100815.79035651461,102196.0,100815.79035651461,780.2096434853884,2,take_profit
2025-06-24 02:00:00+00:00,2025-06-24 05:00:00+00:00,104731.5,105331.5,105331.5,104374.88886953339,-600.0,3,stop_loss
2025-06-26 03:00:00+00:00,2025-06-26 09:00:00+00:00,107817.0,107461.00098098937,108417.0,107461.00098098937,355.99901901063276,6,take_profit
2025-07-02 20:00:00+00:00,2025-07-02 23:00:00+00:00,109104.0,108738.47778691599,109704.0,108738.47778691599,365.52221308401204,3,take_profit
2025-07-03 14:00:00+00:00,2025-07-03 15:00:00+00:00,109681.0,109169.63614461079,110281.0,109169.63614461079,511.36385538920877,1,take_profit
2025-07-10 00:00:00+00:00,2025-07-10 02:00:00+00:00,110879.5,111479.5,111479.5,110593.94315821424,-600.0,2,stop_loss
2025-07-11 10:00:00+00:00,2025-07-11 13:00:00+00:00,117972.0,117329.45242827473,118572.0,117329.45242827473,642.5475717252702,3,take_profit
2025-07-13 15:00:00+00:00,2025-07-13 19:00:00+00:00,118622.0,119222.0,119222.0,118395.63566319557,-600.0,4,stop_loss
2025-07-14 09:00:00+00:00,2025-07-14 13:00:00+00:00,121992.0,121293.41245789595,122592.0,121293.41245789595,698.5875421040546,4,take_profit
2025-07-16 01:00:00+00:00,2025-07-16 02:00:00+00:00,117739.0,117055.73650623669,118339.0,117055.73650623669,683.263493763312,1,take_profit
2025-07-16 21:00:00+00:00,2025-07-16 22:00:00+00:00,119267.0,118724.7938773161,119867.0,118724.7938773161,542.2061226838996,1,take_profit
2025-07-17 16:00:00+00:00,2025-07-17 17:00:00+00:00,118562.5,119162.5,119162.5,118175.05415941909,-600.0,1,stop_loss
2025-07-17 19:00:00+00:00,2025-07-17 20:00:00+00:00,118961.0,118467.60435758675,119561.0,118467.60435758675,493.3956424132484,1,take_profit
2025-07-17 22:00:00+00:00,2025-07-18 01:00:00+00:00,119752.0,120352.0,120352.0,119101.11917962981,-600.0,3,stop_loss
2025-07-18 02:00:00+00:00,2025-07-18 06:00:00+00:00,120087.0,120687.0,120687.0,119749.31202987414,-600.0,4,stop_loss
2025-07-22 19:00:00+00:00,2025-07-22 20:00:00+00:00,119304.0,119904.0,119904.0,118725.55068407733,-600.0,1,stop_loss
2025-07-22 21:00:00+00:00,2025-07-22 22:00:00+00:00,119435.5,120035.5,120035.5,119004.80226567641,-600.0,1,stop_loss
2025-07-24 09:00:00+00:00,2025-07-24 14:00:00+00:00,118472.5,119072.5,119072.5,118015.06020352225,-600.0,5,stop_loss
2025-08-04 01:00:00+00:00,2025-08-04 05:00:00+00:00,114648.5,114243.40577664593,115248.5,114243.40577664593,405.09422335407,4,take_profit
2025-08-04 14:00:00+00:00,2025-08-04 16:00:00+00:00,114698.5,115298.5,115298.5,114435.49274773154,-600.0,2,stop_loss
2025-08-04 17:00:00+00:00,2025-08-04 20:00:00+00:00,115162.0,114642.16264095463,115762.0,114642.16264095463,519.8373590453702,3,take_profit
2025-08-06 19:00:00+00:00,2025-08-07 00:00:00+00:00,115231.5,114826.06748866587,115831.5,114826.06748866587,405.43251133413287,5,take_profit
2025-08-08 00:00:00+00:00,2025-08-08 02:00:00+00:00,117227.5,116712.13040930626,117827.5,116712.13040930626,515.3695906937355,2,take_profit
2025-08-10 13:00:00+00:00,2025-08-10 15:00:00+00:00,118423.0,119023.0,119023.0,118124.62816106135,-600.0,2,stop_loss
2025-08-11 07:00:00+00:00,2025-08-11 10:00:00+00:00,121547.5,120991.27508141479,122147.5,120991.27508141479,556.2249185852124,3,take_profit
2025-08-12 21:00:00+00:00,2025-08-13 01:00:00+00:00,119866.5,119444.02838531072,120466.5,119444.02838531072,422.47161468927516,4,take_profit
2025-08-13 12:00:00+00:00,2025-08-13 13:00:00+00:00,120266.5,120866.5,120866.5,119870.34337151657,-600.0,1,stop_loss
2025-08-13 14:00:00+00:00,2025-08-13 16:00:00+00:00,120892.5,121492.5,121492.5,120292.94070840903,-600.0,2,stop_loss
2025-08-14 01:00:00+00:00,2025-08-14 05:00:00+00:00,123379.5,122716.22053801251,123979.5,122716.22053801251,663.2794619874912,4,take_profit
2025-08-15 04:00:00+00:00,2025-08-15 09:00:00+00:00,118793.0,118585.28105790637,119393.0,118585.28105790637,207.7189420936338,5,take_profit
2025-08-18 19:00:00+00:00,2025-08-18 22:00:00+00:00,116284.5,116884.5,116884.5,115980.14951546994,-600.0,3,stop_loss
2025-08-20 23:00:00+00:00,2025-08-21 04:00:00+00:00,114231.0,113837.95626100383,114831.0,113837.95626100383,393.0437389961735,5,take_profit
2025-08-25 17:00:00+00:00,2025-08-25 19:00:00+00:00,112399.0,111491.94001204838,112999.0,111491.94001204838,907.059987951623,2,take_profit
2025-08-27 18:00:00+00:00,2025-08-27 20:00:00+00:00,111900.0,111330.44530225008,112500.0,111330.44530225008,569.554697749918,2,take_profit
2025-09-01 19:00:00+00:00,2025-09-01 20:00:00+00:00,109190.0,108614.37085248632,109790.0,108614.37085248632,575.6291475136823,1,take_profit
2025-09-02 00:00:00+00:00,2025-09-02 02:00:00+00:00,108996.5,109596.5,109596.5,108628.88736176577,-600.0,2,stop_loss
2025-09-02 07:00:00+00:00,2025-09-02 11:00:00+00:00,110201.0,109805.8648948403,110801.0,109805.8648948403,395.1351051597012,4,take_profit
2025-09-02 15:00:00+00:00,2025-09-02 21:00:00+00:00,110790.5,111390.5,111390.5,110462.42520792881,-600.0,6,stop_loss
2025-09-03 16:00:00+00:00,2025-09-03 17:00:00+00:00,111821.5,112421.5,112421.5,111402.17929253248,-600.0,1,stop_loss
2025-09-03 18:00:00+00:00,2025-09-03 23:00:00+00:00,111964.5,111656.88014019834,112564.5,111656.88014019834,307.61985980166355,5,take_profit
2025-09-04 23:00:00+00:00,2025-09-05 02:00:00+00:00,110690.0,111290.0,111290.0,110402.01167180395,-600.0,3,stop_loss
2025-09-10 10:00:00+00:00,2025-09-10 12:00:00+00:00,112245.0,112845.0,112845.0,111950.94072537316,-600.0,2,stop_loss
2025-09-10 17:00:00+00:00,2025-09-10 19:00:00+00:00,113705.5,113130.97836444182,114305.5,113130.97836444182,574.5216355581797,2,take_profit
2025-09-11 14:00:00+00:00,2025-09-11 22:00:00+00:00,114417.5,115017.5,115017.5,114176.44288397476,-600.0,8,stop_loss
2025-09-12 01:00:00+00:00,2025-09-12 08:00:00+00:00,115341.5,115020.05532223472,115941.5,115020.05532223472,321.44467776527745,7,take_profit
2025-09-15 06:00:00+00:00,2025-09-15 08:00:00+00:00,116089.0,115351.6724360773,116689.0,115351.6724360773,737.3275639227068,2,take_profit
2025-09-17 23:00:00+00:00,2025-09-18 03:00:00+00:00,116420.0,117020.0,117020.0,116186.60477272997,-600.0,4,stop_loss
2025-09-18 05:00:00+00:00,2025-09-18 18:00:00+00:00,117240.5,117840.5,117840.5,117263.58747823306,-600.0,13,stop_loss
2025-09-24 15:00:00+00:00,2025-09-24 23:00:00+00:00,113311.5,113184.57457737035,113911.5,113184.57457737035,126.92542262964707,8,take_profit
2025-09-26 18:00:00+00:00,2025-09-26 19:00:00+00:00,109681.0,109097.24821379279,110281.0,109097.24821379279,583.7517862072127,1,take_profit
2025-09-29 02:00:00+00:00,2025-09-29 08:00:00+00:00,111702.5,112302.5,112302.5,111532.69697123325,-600.0,6,stop_loss
2025-09-30 21:00:00+00:00,2025-10-01 08:00:00+00:00,114119.5,114719.5,114719.5,114160.04265695998,-600.0,11,stop_loss
2025-10-02 04:00:00+00:00,2025-10-02 12:00:00+00:00,118629.0,119229.0,119229.0,118454.02235975447,-600.0,8,stop_loss
2025-10-03 17:00:00+00:00,2025-10-03 18:00:00+00:00,122043.5,122643.5,122643.5,120931.94790543668,-600.0,1,stop_loss
2025-10-03 20:00:00+00:00,2025-10-04 01:00:00+00:00,122410.0,121789.82970951454,123010.0,121789.82970951454,620.170290485461,5,take_profit
2025-10-05 08:00:00+00:00,2025-10-05 09:00:00+00:00,124592.5,123659.75650593801,125192.5,123659.75650593801,932.743494061986,1,take_profit
2025-10-06 03:00:00+00:00,2025-10-06 05:00:00+00:00,123808.0,123247.97041128283,124408.0,123247.97041128283,560.0295887171669,2,take_profit
2025-10-06 14:00:00+00:00,2025-10-06 15:00:00+00:00,124483.0,125083.0,125083.0,124048.124282957,-600.0,1,stop_loss
2025-10-06 19:00:00+00:00,2025-10-06 21:00:00+00:00,125370.5,124690.60941998378,125970.5,124690.60941998378,679.8905800162174,2,take_profit
2025-10-08 12:00:00+00:00,2025-10-08 13:00:00+00:00,122593.0,121974.65017741329,123193.0,121974.65017741329,618.3498225867079,1,take_profit
2025-10-08 18:00:00+00:00,2025-10-09 00:00:00+00:00,123401.5,122813.89821959619,124001.5,122813.89821959619,587.6017804038129,6,take_profit
2025-10-12 23:00:00+00:00,2025-10-13 00:00:00+00:00,114905.0,115505.0,115505.0,114074.394838783,-600.0,1,stop_loss
2025-10-13 02:00:00+00:00,2025-10-13 04:00:00+00:00,115286.0,114444.72336654748,115886.0,114444.72336654748,841.2766334525222,2,take_profit
2025-10-13 08:00:00+00:00,2025-10-13 11:00:00+00:00,115205.0,114443.05232199011,115805.0,114443.05232199011,761.9476780098921,3,take_profit
2025-10-13 22:00:00+00:00,2025-10-13 23:00:00+00:00,115451.5,114946.20625381988,116051.5,114946.20625381988,505.29374618011934,1,take_profit
2025-10-14 16:00:00+00:00,2025-10-14 17:00:00+00:00,112265.0,112865.0,112865.0,111291.29661363797,-600.0,1,stop_loss
2025-10-16 03:00:00+00:00,2025-10-16 04:00:00+00:00,111288.0,110758.17076533478,111888.0,110758.17076533478,529.8292346652161,1,take_profit
2025-10-17 16:00:00+00:00,2025-10-17 18:00:00+00:00,106342.5,106942.5,106942.5,105687.13582325976,-600.0,2,stop_loss
2025-10-17 22:00:00+00:00,2025-10-18 00:00:00+00:00,106941.0,106289.34753711266,107541.0,106289.34753711266,651.6524628873449,2,take_profit
2025-10-19 12:00:00+00:00,2025-10-19 14:00:00+00:00,107609.5,108209.5,108209.5,107206.28899064488,-600.0,2,stop_loss
2025-10-19 19:00:00+00:00,2025-10-19 23:00:00+00:00,108866.0,108453.58190019452,109466.0,108453.58190019452,412.41809980547987,4,take_profit
2025-10-22 15:00:00+00:00,2025-10-22 17:00:00+00:00,108381.0,107618.54341440937,108981.0,107618.54341440937,762.4565855906258,2,take_profit
2025-10-23 07:00:00+00:00,2025-10-23 08:00:00+00:00,109240.0,109840.0,109840.0,108576.99096100114,-600.0,1,stop_loss
2025-10-23 09:00:00+00:00,2025-10-23 12:00:00+00:00,109399.5,108830.78132866388,109999.5,108830.78132866388,568.7186713361152,3,take_profit
2025-10-23 19:00:00+00:00,2025-10-23 20:00:00+00:00,110148.5,109504.98330033693,110748.5,109504.98330033693,643.5166996630724,1,take_profit
2025-10-24 03:00:00+00:00,2025-10-24 04:00:00+00:00,110411.5,111011.5,111011.5,110019.15780883207,-600.0,1,stop_loss
2025-10-24 07:00:00+00:00,2025-10-24 11:00:00+00:00,111025.5,110669.24481767684,111625.5,110669.24481767684,356.25518232316244,4,take_profit
2025-10-27 02:00:00+00:00,2025-10-27 05:00:00+00:00,114846.5,115446.5,115446.5,114575.92220826967,-600.0,3,stop_loss
2025-10-27 07:00:00+00:00,2025-10-27 08:00:00+00:00,115533.5,114896.25420773184,116133.5,114896.25420773184,637.2457922681642,1,take_profit
2025-10-28 17:00:00+00:00,2025-10-28 19:00:00+00:00,115258.0,114285.3392762049,115858.0,114285.3392762049,972.6607237950957,2,take_profit
2025-10-30 08:00:00+00:00,2025-10-30 10:00:00+00:00,110660.5,109968.48188077578,111260.5,109968.48188077578,692.0181192242162,2,take_profit
2025-10-31 02:00:00+00:00,2025-10-31 04:00:00+00:00,108827.5,109427.5,109427.5,108343.58317782833,-600.0,2,stop_loss
2025-10-31 06:00:00+00:00,2025-10-31 09:00:00+00:00,109621.5,110221.5,110221.5,109148.44885552271,-600.0,3,stop_loss
2025-10-31 15:00:00+00:00,2025-10-31 16:00:00+00:00,110186.5,109349.91127641092,110786.5,109349.91127641092,836.5887235890841,1,take_profit
2025-11-05 07:00:00+00:00,2025-11-05 08:00:00+00:00,101956.0,101160.02591525516,102556.0,101160.02591525516,795.9740847448411,1,take_profit
2025-11-07 23:00:00+00:00,2025-11-08 00:00:00+00:00,103315.0,102513.54535588602,103915.0,102513.54535588602,801.4546441139828,1,take_profit
2025-11-10 05:00:00+00:00,2025-11-10 14:00:00+00:00,106050.0,105542.61040142167,106650.0,105542.61040142167,507.38959857833106,9,take_profit
2025-11-15 04:00:00+00:00,2025-11-15 08:00:00+00:00,96086.5,95628.0133645013,96686.5,95628.0133645013,458.4866354987025,4,take_profit
2025-11-15 14:00:00+00:00,2025-11-15 16:00:00+00:00,96212.0,95762.83880053699,96812.0,95762.83880053699,449.1611994630075,2,take_profit
2025-11-16 03:00:00+00:00,2025-11-16 09:00:00+00:00,95792.5,96392.5,96392.5,95683.06079629116,-600.0,6,stop_loss
2025-11-17 01:00:00+00:00,2025-11-17 02:00:00+00:00,94741.0,95341.0,95341.0,94060.08476070897,-600.0,1,stop_loss
2025-11-17 04:00:00+00:00,2025-11-17 07:00:00+00:00,95077.0,95677.0,95677.0,94710.64130761291,-600.0,3,stop_loss
2025-11-18 19:00:00+00:00,2025-11-19 00:00:00+00:00,93153.0,92302.02361763828,93753.0,92302.02361763828,850.976382361725,5,take_profit
2025-11-21 22:00:00+00:00,2025-11-21 23:00:00+00:00,84261.5,84861.5,84861.5,83807.65622474949,-600.0,1,stop_loss
2025-11-22 15:00:00+00:00,2025-11-22 16:00:00+00:00,84247.5,84847.5,84847.5,83896.86487087636,-600.0,1,stop_loss
2025-11-22 17:00:00+00:00,2025-11-22 22:00:00+00:00,84527.0,85127.0,85127.0,84204.1048191497,-600.0,5,stop_loss
2025-11-23 14:00:00+00:00,2025-11-23 15:00:00+00:00,86521.5,87121.5,87121.5,86134.30822127065,-600.0,1,stop_loss
2025-11-24 22:00:00+00:00,2025-11-25 00:00:00+00:00,88593.0,87877.29990199984,89193.0,87877.29990199984,715.7000980001612,2,take_profit
2025-11-26 02:00:00+00:00,2025-11-26 03:00:00+00:00,87682.0,87131.93838124785,88282.0,87131.93838124785,550.0616187521518,1,take_profit
2025-11-28 09:00:00+00:00,2025-11-28 11:00:00+00:00,91569.5,91126.55417699847,92169.5,91126.55417699847,442.9458230015298,2,take_profit
2025-11-28 14:00:00+00:00,2025-11-28 16:00:00+00:00,92211.0,91326.52080564978,92811.0,91326.52080564978,884.4791943502205,2,take_profit
2025-12-01 23:00:00+00:00,2025-12-02 01:00:00+00:00,86250.0,86850.0,86850.0,85790.60007054234,-600.0,2,stop_loss
2025-12-02 07:00:00+00:00,2025-12-02 08:00:00+00:00,86974.5,86468.49052751431,87574.5,86468.49052751431,506.0094724856899,1,take_profit
2025-12-02 12:00:00+00:00,2025-12-02 13:00:00+00:00,87234.0,87834.0,87834.0,86801.66440237657,-600.0,1,stop_loss
2025-12-02 20:00:00+00:00,2025-12-02 21:00:00+00:00,90981.5,91581.5,91581.5,90213.93842691259,-600.0,1,stop_loss
2025-12-02 23:00:00+00:00,2025-12-03 01:00:00+00:00,91259.0,91859.0,91859.0,90881.42038759596,-600.0,2,stop_loss
2025-12-03 07:00:00+00:00,2025-12-03 14:00:00+00:00,92979.5,93579.5,93579.5,92426.42211909051,-600.0,7,stop_loss
2025-12-03 23:00:00+00:00,2025-12-04 00:00:00+00:00,93389.0,92768.40106518108,93989.0,92768.40106518108,620.5989348189178,1,take_profit
2025-12-04 03:00:00+00:00,2025-12-04 05:00:00+00:00,93508.5,92962.63961629322,94108.5,92962.63961629322,545.8603837067785,2,take_profit
2025-12-08 03:00:00+00:00,2025-12-08 07:00:00+00:00,91048.0,91648.0,91648.0,90837.23600749181,-600.0,4,stop_loss
2025-12-08 11:00:00+00:00,2025-12-08 13:00:00+00:00,91932.5,91424.72744678224,92532.5,91424.72744678224,507.7725532177574,2,take_profit
2025-12-08 22:00:00+00:00,2025-12-09 00:00:00+00:00,90797.5,90356.28410328699,91397.5,90356.28410328699,441.215896713009,2,take_profit
2025-12-09 20:00:00+00:00,2025-12-09 21:00:00+00:00,93054.0,92306.04889458278,93654.0,92306.04889458278,747.9511054172181,1,take_profit
2025-12-12 03:00:00+00:00,2025-12-12 12:00:00+00:00,92244.0,92106.33132897117,92844.0,92106.33132897117,137.66867102883407,9,take_profit
2025-12-15 03:00:00+00:00,2025-12-15 06:00:00+00:00,89248.0,89848.0,89848.0,89028.4853157921,-600.0,3,stop_loss
2025-12-16 16:00:00+00:00,2025-12-17 02:00:00+00:00,87547.5,87298.13575777915,88147.5,87298.13575777915,249.36424222085043,10,take_profit
2025-12-18 16:00:00+00:00,2025-12-18 17:00:00+00:00,87986.5,86953.66565671146,88586.5,86953.66565671146,1032.834343288545,1,take_profit
2025-12-19 23:00:00+00:00,2025-12-20 10:00:00+00:00,88108.5,88119.61355701384,88708.5,88119.61355701384,-11.113557013843092,11,take_profit
2025-12-22 13:00:00+00:00,2025-12-22 15:00:00+00:00,89892.0,89320.7888952831,90492.0,89320.7888952831,571.2111047169019,2,take_profit
2026-01-02 18:00:00+00:00,2026-01-02 22:00:00+00:00,89744.0,90344.0,90344.0,89591.21275305217,-600.0,4,stop_loss
2026-01-05 04:00:00+00:00,2026-01-05 12:00:00+00:00,92565.5,93165.5,93165.5,92511.86117967864,-600.0,8,stop_loss
2026-01-05 20:00:00+00:00,2026-01-06 00:00:00+00:00,94139.5,93644.25403035308,94739.5,93644.25403035308,495.2459696469159,4,take_profit
2026-01-08 19:00:00+00:00,2026-01-09 01:00:00+00:00,90899.5,91499.5,91499.5,90787.63694171468,-600.0,6,stop_loss
2026-01-12 17:00:00+00:00,2026-01-12 21:00:00+00:00,91479.5,91069.57113705398,92079.5,91069.57113705398,409.9288629460207,4,take_profit
2026-01-13 07:00:00+00:00,2026-01-13 09:00:00+00:00,91917.0,92517.0,92517.0,91627.06978616238,-600.0,2,stop_loss
2026-01-14 18:00:00+00:00,2026-01-14 19:00:00+00:00,96775.0,97375.0,97375.0,96014.86389799709,-600.0,1,stop_loss
2026-01-21 06:00:00+00:00,2026-01-21 07:00:00+00:00,89627.5,89128.97888245506,90227.5,89128.97888245506,498.5211175449367,1,take_profit
2026-01-21 22:00:00+00:00,2026-01-22 02:00:00+00:00,89736.5,90336.5,90336.5,89400.96585391805,-600.0,4,stop_loss
2026-01-26 19:00:00+00:00,2026-01-26 23:00:00+00:00,87974.0,88574.0,88574.0,87701.02466429827,-600.0,4,stop_loss
2026-01-30 20:00:00+00:00,2026-01-31 06:00:00+00:00,83921.5,83747.49323127254,84521.5,83747.49323127254,174.0067687274568,10,take_profit
2026-02-02 14:00:00+00:00,2026-02-02 15:00:00+00:00,77802.5,78402.5,78402.5,77242.15191535855,-600.0,1,stop_loss
2026-02-02 16:00:00+00:00,2026-02-02 20:00:00+00:00,78596.0,77942.22117633544,79196.0,77942.22117633544,653.7788236645574,4,take_profit
2026-02-06 02:00:00+00:00,2026-02-06 05:00:00+00:00,64962.5,65562.5,65562.5,63886.42543387964,-600.0,3,stop_loss
2026-02-06 06:00:00+00:00,2026-02-06 09:00:00+00:00,64953.5,65553.5,65553.5,64363.17565412971,-600.0,3,stop_loss
2026-02-06 20:00:00+00:00,2026-02-06 22:00:00+00:00,69945.5,70545.5,70545.5,69136.96537165807,-600.0,2,stop_loss
2026-02-06 23:00:00+00:00,2026-02-07 04:00:00+00:00,70551.0,71151.0,71151.0,69965.95385190491,-600.0,5,stop_loss
2026-02-07 21:00:00+00:00,2026-02-07 23:00:00+00:00,69473.5,68958.61753582988,70073.5,68958.61753582988,514.8824641701212,2,take_profit
2026-02-09 04:00:00+00:00,2026-02-09 06:00:00+00:00,70974.5,70470.2373220542,71574.5,70470.2373220542,504.26267794579326,2,take_profit
2026-02-09 18:00:00+00:00,2026-02-09 19:00:00+00:00,70385.5,70985.5,70985.5,69535.74738360212,-600.0,1,stop_loss
2026-02-11 22:00:00+00:00,2026-02-11 23:00:00+00:00,67394.0,66867.17806709086,67994.0,66867.17806709086,526.8219329091371,1,take_profit
2026-02-12 12:00:00+00:00,2026-02-12 15:00:00+00:00,67839.5,67309.34186600498,68439.5,67309.34186600498,530.1581339950208,3,take_profit
2026-02-13 03:00:00+00:00,2026-02-13 06:00:00+00:00,66527.0,66084.941076802,67127.0,66084.941076802,442.0589231979975,3,take_profit
2026-02-13 20:00:00+00:00,2026-02-14 06:00:00+00:00,68757.5,68712.79950699775,69357.5,68712.79950699775,44.70049300225219,10,take_profit
2026-02-15 08:00:00+00:00,2026-02-15 12:00:00+00:00,70413.0,69920.12893687696,71013.0,69920.12893687696,492.8710631230351,4,take_profit
2026-02-16 22:00:00+00:00,2026-02-17 02:00:00+00:00,68567.5,69167.5,69167.5,68348.94112472664,-600.0,4,stop_loss
2026-02-20 19:00:00+00:00,2026-02-21 03:00:00+00:00,67624.0,67637.11748233395,68224.0,67637.11748233395,-13.117482333953376,8,take_profit
2026-02-23 11:00:00+00:00,2026-02-23 14:00:00+00:00,66178.0,65752.00919719737,66778.0,65752.00919719737,425.9908028026257,3,take_profit
2026-02-25 21:00:00+00:00,2026-02-25 23:00:00+00:00,68880.5,67823.87691838162,69480.5,67823.87691838162,1056.6230816183815,2,take_profit
2026-02-28 14:00:00+00:00,2026-02-28 16:00:00+00:00,64404.5,65004.5,65004.5,64145.15875707171,-600.0,2,stop_loss
2026-03-01 00:00:00+00:00,2026-03-01 01:00:00+00:00,66765.0,67365.0,67365.0,66018.49501685874,-600.0,1,stop_loss
2026-03-02 05:00:00+00:00,2026-03-02 06:00:00+00:00,66708.5,66087.31741163957,67308.5,66087.31741163957,621.1825883604324,1,take_profit
2026-03-03 19:00:00+00:00,2026-03-04 03:00:00+00:00,68402.0,67762.21425805977,69002.0,67762.21425805977,639.785741940228,8,take_profit
2026-03-04 20:00:00+00:00,2026-03-04 23:00:00+00:00,72980.0,72442.35588635251,73580.0,72442.35588635251,537.6441136474896,3,take_profit
2026-03-05 11:00:00+00:00,2026-03-05 13:00:00+00:00,72886.5,72338.0951047001,73486.5,72338.0951047001,548.4048952999001,2,take_profit
2026-03-09 06:00:00+00:00,2026-03-09 08:00:00+00:00,67236.0,67836.0,67836.0,66874.56231560206,-600.0,2,stop_loss
2026-03-10 03:00:00+00:00,2026-03-10 04:00:00+00:00,69398.0,69998.0,69998.0,68911.38894579535,-600.0,1,stop_loss
2026-03-10 16:00:00+00:00,2026-03-10 18:00:00+00:00,71228.0,70215.88451423994,71828.0,70215.88451423994,1012.1154857600632,2,take_profit
2026-03-11 15:00:00+00:00,2026-03-11 16:00:00+00:00,70193.5,70793.5,70793.5,69614.92674476426,-600.0,1,stop_loss
2026-03-11 18:00:00+00:00,2026-03-11 23:00:00+00:00,70589.0,70162.84268477661,71189.0,70162.84268477661,426.15731522339047,5,take_profit
2026-03-12 12:00:00+00:00,2026-03-12 13:00:00+00:00,70355.5,69810.21751244615,70955.5,69810.21751244615,545.2824875538499,1,take_profit
2026-03-13 02:00:00+00:00,2026-03-13 08:00:00+00:00,71121.5,71721.5,71721.5,71054.40273136996,-600.0,6,stop_loss
2026-03-16 00:00:00+00:00,2026-03-16 03:00:00+00:00,72496.0,73096.0,73096.0,72108.40373437379,-600.0,3,stop_loss
2026-03-16 06:00:00+00:00,2026-03-16 08:00:00+00:00,73687.5,72969.86066764247,74287.5,72969.86066764247,717.6393323575321,2,take_profit
2026-03-17 02:00:00+00:00,2026-03-17 03:00:00+00:00,75165.5,74408.86575874077,75765.5,74408.86575874077,756.6342412592348,1,take_profit
2026-03-17 19:00:00+00:00,2026-03-17 22:00:00+00:00,74472.0,74092.1619687481,75072.0,74092.1619687481,379.83803125190025,3,take_profit
2026-03-20 23:00:00+00:00,2026-03-21 08:00:00+00:00,70480.5,70503.78818918325,71080.5,70503.78818918325,-23.288189183251234,9,take_profit
2026-03-23 15:00:00+00:00,2026-03-23 16:00:00+00:00,70120.0,70720.0,70720.0,69680.43316533315,-600.0,1,stop_loss
2026-03-24 08:00:00+00:00,2026-03-24 13:00:00+00:00,70941.5,70542.43329417678,71541.5,70542.43329417678,399.0667058232211,5,take_profit
2026-03-25 01:00:00+00:00,2026-03-25 05:00:00+00:00,70650.0,71250.0,71250.0,70450.44569286241,-600.0,4,stop_loss
2026-04-01 07:00:00+00:00,2026-04-01 12:00:00+00:00,68670.5,68286.56385970613,69270.5,68286.56385970613,383.93614029386663,5,take_profit
2026-04-01 16:00:00+00:00,2026-04-01 17:00:00+00:00,68787.5,68276.50843858627,69387.5,68276.50843858627,510.99156141372805,1,take_profit
2026-04-08 03:00:00+00:00,2026-04-08 06:00:00+00:00,71266.5,71866.5,71866.5,71060.76477509066,-600.0,3,stop_loss
2026-04-09 18:00:00+00:00,2026-04-09 21:00:00+00:00,71856.0,72456.0,72456.0,71670.94194308112,-600.0,3,stop_loss
2026-04-10 15:00:00+00:00,2026-04-10 16:00:00+00:00,72429.0,73029.0,73029.0,72059.11140617888,-600.0,1,stop_loss
2026-04-14 14:00:00+00:00,2026-04-14 16:00:00+00:00,74974.0,75574.0,75574.0,74448.85373171035,-600.0,2,stop_loss
2026-04-16 21:00:00+00:00,2026-04-17 01:00:00+00:00,74909.0,74624.09106802901,75509.0,74624.09106802901,284.9089319709892,4,take_profit
2026-04-19 15:00:00+00:00,2026-04-19 16:00:00+00:00,75808.0,75314.85051838338,76408.0,75314.85051838338,493.14948161662323,1,take_profit
2026-04-20 16:00:00+00:00,2026-04-20 17:00:00+00:00,75299.5,75899.5,75899.5,74939.27089104672,-600.0,1,stop_loss
2026-04-23 16:00:00+00:00,2026-04-23 17:00:00+00:00,78049.5,77474.28660336992,78649.5,77474.28660336992,575.2133966300753,1,take_profit
2026-05-01 16:00:00+00:00,2026-05-01 20:00:00+00:00,78175.0,77926.64937137271,78775.0,77926.64937137271,248.35062862728955,4,take_profit
2026-05-04 05:00:00+00:00,2026-05-04 10:00:00+00:00,79983.5,79202.64534970897,80583.5,79202.64534970897,780.8546502910322,5,take_profit
2026-05-04 18:00:00+00:00,2026-05-04 23:00:00+00:00,80080.5,79732.19604892276,80680.5,79732.19604892276,348.303951077236,5,take_profit
2026-05-06 12:00:00+00:00,2026-05-06 13:00:00+00:00,82188.0,81670.45204637208,82788.0,81670.45204637208,517.5479536279163,1,take_profit
2026-05-14 19:00:00+00:00,2026-05-15 02:00:00+00:00,81374.0,80940.2014337255,81974.0,80940.2014337255,433.798566274505,7,take_profit
2026-05-26 11:00:00+00:00,2026-05-26 13:00:00+00:00,77155.0,76739.16245789392,77755.0,76739.16245789392,415.8375421060773,2,take_profit
2026-06-03 06:00:00+00:00,2026-06-03 09:00:00+00:00,66956.5,66628.94370991077,67556.5,66628.94370991077,327.5562900892255,3,take_profit
2026-06-04 14:00:00+00:00,2026-06-04 17:00:00+00:00,63929.5,63161.80564700152,64529.5,63161.80564700152,767.6943529984783,3,take_profit
2026-06-07 10:00:00+00:00,2026-06-07 12:00:00+00:00,62350.5,61879.94510746025,62950.5,61879.94510746025,470.5548925397525,2,take_profit
2026-06-08 01:00:00+00:00,2026-06-08 05:00:00+00:00,63192.0,62514.78055888281,63792.0,62514.78055888281,677.2194411171877,4,take_profit
2026-06-08 15:00:00+00:00,2026-06-08 17:00:00+00:00,63752.0,63252.54191133833,64352.0,63252.54191133833,499.4580886616677,2,take_profit
2026-06-10 16:00:00+00:00,2026-06-10 21:00:00+00:00,62201.5,61487.835969682375,62801.5,61487.835969682375,713.6640303176246,5,take_profit
2026-06-11 20:00:00+00:00,2026-06-12 05:00:00+00:00,63372.0,63306.19042173807,63972.0,63306.19042173807,65.80957826192753,9,take_profit
2026-06-15 02:00:00+00:00,2026-06-15 11:00:00+00:00,65436.5,66036.5,66036.5,65550.57467072453,-600.0,9,stop_loss
2026-06-15 17:00:00+00:00,2026-06-15 19:00:00+00:00,66828.0,66409.85227038238,67428.0,66409.85227038238,418.1477296176163,2,take_profit
2026-06-22 02:00:00+00:00,2026-06-22 12:00:00+00:00,64233.5,64833.5,64833.5,64113.18220495239,-600.0,10,stop_loss
2026-06-22 14:00:00+00:00,2026-06-22 17:00:00+00:00,64949.0,64454.40013071576,65549.0,64454.40013071576,494.5998692842404,3,take_profit
2026-06-24 22:00:00+00:00,2026-06-25 05:00:00+00:00,60856.0,61456.0,61456.0,60763.41348752234,-600.0,7,stop_loss
2026-06-26 04:00:00+00:00,2026-06-26 07:00:00+00:00,59906.0,60506.0,60506.0,59579.939897319295,-600.0,3,stop_loss
2026-06-26 08:00:00+00:00,2026-06-26 09:00:00+00:00,60221.0,59667.06240702032,60821.0,59667.06240702032,553.9375929796806,1,take_profit
2026-06-29 04:00:00+00:00,2026-06-29 05:00:00+00:00,59811.5,59369.04873415826,60411.5,59369.04873415826,442.45126584173704,1,take_profit
2026-06-29 06:00:00+00:00,2026-06-29 12:00:00+00:00,60057.0,60657.0,60657.0,59708.845075658006,-600.0,6,stop_loss
2026-06-29 18:00:00+00:00,2026-06-30 00:00:00+00:00,60282.0,59980.80155821623,60882.0,59980.80155821623,301.1984417837666,6,take_profit
2026-07-01 19:00:00+00:00,2026-07-01 21:00:00+00:00,60005.0,60605.0,60605.0,59712.80670341112,-600.0,2,stop_loss
2026-07-01 22:00:00+00:00,2026-07-02 00:00:00+00:00,60453.0,59802.811658806604,61053.0,59802.811658806604,650.1883411933959,2,take_profit
2026-07-02 15:00:00+00:00,2026-07-02 23:00:00+00:00,61587.0,61361.027391521515,62187.0,61361.027391521515,225.9726084784852,8,take_profit
2026-07-06 01:00:00+00:00,2026-07-06 03:00:00+00:00,63551.0,63147.79695921397,64151.0,63147.79695921397,403.2030407860293,2,take_profit
